trip_date,trip_origin,trip_destination,start_odometer,end_odometer,total_km,ab_km,bc_km,mb_km,on_km,sk_km,ab_fuel,bc_fuel,mb_fuel,on_fuel,sk_fuel,matching_invoice_number,invoice_date,invoice_time,invoice_location,total_cost,source_log,total_fuel_litres,fuel_source,fuel_source_reliability,km_per_tank,avg_fuel_per_tank,fuel_litres_per_km,cycle_fuel_per_km,fuel_cost_per_km,provincial_sum_km,km_reconciliation_gap,odometer_gap,cross_border_trip,ab_dist_prop,ab_fuel_prop,ab_dist_fuel_variance,bc_dist_prop,bc_fuel_prop,bc_dist_fuel_variance,mb_dist_prop,mb_fuel_prop,mb_dist_fuel_variance,on_dist_prop,on_fuel_prop,on_dist_fuel_variance,sk_dist_prop,sk_fuel_prop,sk_dist_fuel_variance,weekly_avg_distance_km,weekly_avg_fuel_litres,monthly_avg_distance_km,monthly_avg_fuel_litres,dist_to_weekly_ratio,fuel_to_weekly_ratio,dist_to_monthly_ratio,fuel_to_monthly_ratio,anomaly_source,anomaly_score,Primary Driver,Secondary Driver,Multi-Feature Interaction Spike,Route Context,forest_prediction
2016-03-06,Edmonton,Kelowna,92604.0,93179.0,575.0,0.0,0.0,0.0,0.0,0.0,0.0,0.0,0.0,0.0,0.0,NO MATCHING INVOICE,0.0,0.0,NO MATCHING INVOICE,0.0,Log_1_Excel,46.445,missing,0,3825.0,46.445,0.08077391304347827,0.012142483660130718,0.0,0.0,575.0,0.0,0.0,0.0,0.0,0.0,0.0,0.0,0.0,0.0,0.0,0.0,0.0,0.0,0.0,0.0,0.0,0.0,0.0,0.0,0.0,0.0,1.0,1.0,1.0,1.0,Deterministic,-1.0,Rule-Based Violation,Distance mismatch,N/A,Edmonton ➔ Kelowna,
2016-03-16,Caledon,Red Deer,305118.0,308368.0,3250.0,0.0,0.0,0.0,3250.0,0.0,0.0,0.0,0.0,46.445,0.0,3537601,2016-03-16 00:00:00,09:56:00,"CALEDON, ON",40.83,Log_1_Excel,46.445,invoice,3,115.0,37.8375,0.01429076923076923,0.32902173913043475,0.012563076923076923,3250.0,0.0,211939.0,0.0,0.0,0.0,0.0,0.0,0.0,0.0,0.0,0.0,0.0,1.0,1.0,0.0,0.0,0.0,0.0,0.0,0.0,575.0,46.445,1.0,1.0,5.6521739130434785,1.0,Deterministic,-1.0,Rule-Based Violation,Odometer gap,N/A,Caledon ➔ Red Deer,
2016-04-30,Burnaby,Lankey,189560.0,189645.0,85.0,0.0,85.0,0.0,0.0,0.0,0.0,0.0,0.0,0.0,0.0,0102022606,2016-04-30 00:00:00,15:15:54,"BURNABY,, BC",31.0,Log_1_Excel,37.8375,invoice,3,115.0,37.8375,0.4451470588235294,0.32902173913043475,0.36470588235294116,85.0,0.0,0.0,0.0,0.0,0.0,0.0,1.0,0.0,1.0,0.0,0.0,0.0,0.0,0.0,0.0,0.0,0.0,0.0,0.0,0.0,0.0,0.0,1.0,1.0,1.0,1.0,Deterministic,-1.0,Rule-Based Violation,None,N/A,Burnaby ➔ Lankey,
2016-05-04,Langley,Burnaby,41908.0,41938.0,30.0,0.0,30.0,0.0,0.0,0.0,0.0,29.23,0.0,0.0,0.0,137400032RT,2016-05-04 00:00:00,16:26:26,"LANGLEY, BC",33.0,Log_1_Excel,29.23,invoice,3,30.0,29.23,0.9743333333333334,0.9743333333333334,1.1,30.0,0.0,0.0,0.0,0.0,0.0,0.0,1.0,1.0,0.0,0.0,0.0,0.0,0.0,0.0,0.0,0.0,0.0,0.0,85.0,37.8375,85.0,37.8375,0.35294117647058826,0.7725140403039313,0.35294117647058826,0.7725140403039313,Deterministic,-1.0,Rule-Based Violation,None,N/A,Langley ➔ Burnaby,
2020-08-23,Lankey ,Burnaby,41908.0,41938.0,30.0,0.0,30.0,0.0,0.0,0.0,0.0,29.23,0.0,0.0,0.0,62165364653,2020-08-23 00:00:00,03:31:00,"LANKEY, BC",33.0,Log_1_Excel,29.23,invoice,3,90.0,38.219,0.9743333333333334,0.42465555555555556,1.1,30.0,0.0,0.0,0.0,0.0,0.0,0.0,1.0,1.0,0.0,0.0,0.0,0.0,0.0,0.0,0.0,0.0,0.0,0.0,0.0,0.0,0.0,0.0,1.0,1.0,1.0,1.0,Deterministic,-1.0,Rule-Based Violation,None,N/A,Lankey  ➔ Burnaby,
2021-05-08,"Barrie, ON","Willowdale, ON",211390.0,211480.0,90.0,0.0,0.0,0.0,90.0,0.0,0.0,0.0,0.0,47.208,0.0,126714,2021-05-08 00:00:00,16:27:00,"BARRIE, ON",59.43,Log_1_Excel,47.208,invoice,3,800.0,348.604,0.5245333333333333,0.435755,0.6603333333333333,90.0,0.0,169452.0,0.0,0.0,0.0,0.0,0.0,0.0,0.0,0.0,0.0,0.0,1.0,1.0,0.0,0.0,0.0,0.0,0.0,0.0,0.0,0.0,1.0,1.0,1.0,1.0,Deterministic,-1.0,Rule-Based Violation,Odometer gap,N/A,"Barrie, ON ➔ Willowdale, ON",
2022-01-03,"Nisku, AB ","Fort St. Jhon, BC ",731600.0,732400.0,800.0,650.0,150.0,0.0,0.0,0.0,650.0,0.0,0.0,0.0,0.0,NO MATCHING INVOICE,0.0,0.0,NO MATCHING INVOICE,0.0,Log_2_PDF,650.0,provincial_log,2,1050.0,600.0,0.8125,0.5714285714285714,0.0,800.0,0.0,520120.0,1.0,0.8125,1.0,-0.1875,0.1875,0.0,0.1875,0.0,0.0,0.0,0.0,0.0,0.0,0.0,0.0,0.0,0.0,0.0,0.0,0.0,1.0,1.0,1.0,1.0,Deterministic,-1.0,Rule-Based Violation,Odometer gap,N/A,"Nisku, AB  ➔ Fort St. Jhon, BC ",
2022-01-04,"Kelowna, BC ","Nisku, AB ",754000.0,755050.0,1050.0,500.0,550.0,0.0,0.0,0.0,0.0,550.0,0.0,0.0,0.0,NO MATCHING INVOICE,0.0,0.0,NO MATCHING INVOICE,0.0,Log_2_PDF,550.0,provincial_log,2,530.0,575.0,0.5238095238095238,1.0849056603773586,0.0,1050.0,0.0,21600.0,1.0,0.47619047619047616,0.0,0.47619047619047616,0.5238095238095238,1.0,-0.47619047619047616,0.0,0.0,0.0,0.0,0.0,0.0,0.0,0.0,0.0,800.0,650.0,800.0,650.0,1.3125,0.8461538461538461,1.3125,0.8461538461538461,Deterministic,-1.0,Rule-Based Violation,Odometer gap,N/A,"Kelowna, BC  ➔ Nisku, AB ",
2022-01-06,"Valemount, BC ","Nisku, AB ",787270.0,787800.0,530.0,0.0,80.0,0.0,0.0,0.0,600.0,0.0,0.0,0.0,0.0,NO MATCHING INVOICE,0.0,0.0,NO MATCHING INVOICE,0.0,Log_2_PDF,600.0,provincial_log,2,1000.0,605.0,1.1320754716981132,0.605,0.0,80.0,450.0,32220.0,1.0,0.0,1.0,-1.0,0.1509433962264151,0.0,0.1509433962264151,0.0,0.0,0.0,0.0,0.0,0.0,0.0,0.0,0.0,925.0,600.0,925.0,600.0,0.572972972972973,1.0,0.572972972972973,1.0,Deterministic,-1.0,Rule-Based Violation,Distance mismatch,N/A,"Valemount, BC  ➔ Nisku, AB ",
2022-01-31,"Fort St. Jhon, BC ","Nisku, AB ",715230.0,716080.0,850.0,600.0,200.0,0.0,0.0,0.0,690.0,0.0,0.0,0.0,0.0,NO MATCHING INVOICE,0.0,0.0,NO MATCHING INVOICE,0.0,Log_2_PDF,690.0,provincial_log,2,500.0,595.0,0.8117647058823529,1.19,0.0,800.0,50.0,0.0,1.0,0.7058823529411765,1.0,-0.2941176470588235,0.23529411764705882,0.0,0.23529411764705882,0.0,0.0,0.0,0.0,0.0,0.0,0.0,0.0,0.0,646.0,633.5,786.4285714285714,599.6785714285714,1.3157894736842106,1.0891870560378847,1.080835603996367,1.1506164016437377,Deterministic,-1.0,Rule-Based Violation,Distance mismatch,N/A,"Fort St. Jhon, BC  ➔ Nisku, AB ",
2022-02-03,"Fort St. Jhon, BC ",Nisku to Fox Creek ,732400.0,733470.0,1070.0,920.0,150.0,0.0,0.0,0.0,700.0,0.0,0.0,0.0,0.0,NO MATCHING INVOICE,0.0,0.0,NO MATCHING INVOICE,0.0,Log_2_PDF,700.0,provincial_log,2,735.0,625.0,0.6542056074766355,0.8503401360544217,0.0,1070.0,0.0,29030.0,1.0,0.8598130841121495,1.0,-0.14018691588785048,0.14018691588785046,0.0,0.14018691588785046,0.0,0.0,0.0,0.0,0.0,0.0,0.0,0.0,0.0,657.5,627.5,770.6666666666666,595.7,1.6273764258555132,1.1155378486055776,1.38840830449827,1.1750881316098707,Deterministic,-1.0,Rule-Based Violation,Odometer gap,N/A,"Fort St. Jhon, BC  ➔ Nisku to Fox Creek ",
2022-02-05,"Abbotsford, BC ","Valemount, BC ",771515.0,772250.0,735.0,0.0,735.0,0.0,0.0,0.0,0.0,550.0,0.0,0.0,0.0,NO MATCHING INVOICE,0.0,0.0,NO MATCHING INVOICE,0.0,Log_2_PDF,550.0,provincial_log,2,2550.0,598.0,0.7482993197278912,0.23450980392156862,0.0,735.0,0.0,38045.0,1.0,0.0,0.0,0.0,1.0,1.0,0.0,0.0,0.0,0.0,0.0,0.0,0.0,0.0,0.0,0.0,755.0,640.0,772.0,605.7,0.9735099337748344,0.859375,0.9520725388601037,0.9080402839689614,Deterministic,-1.0,Rule-Based Violation,Odometer gap,N/A,"Abbotsford, BC  ➔ Valemount, BC ",
2022-02-06,"Nisku to Fort Sask, ","Nisku, AB ",787800.0,788100.0,300.0,300.0,0.0,0.0,0.0,0.0,0.0,0.0,0.0,0.0,0.0,NO MATCHING INVOICE,0.0,0.0,NO MATCHING INVOICE,0.0,Log_2_PDF,598.0,provincial_log_nearby,1,2550.0,598.0,1.9933333333333334,0.23450980392156862,0.0,300.0,0.0,15550.0,1.0,1.0,0.0,1.0,0.0,0.0,0.0,0.0,0.0,0.0,0.0,0.0,0.0,0.0,0.0,0.0,751.0,622.0,785.6666666666666,602.3666666666667,0.3994673768308921,0.9614147909967846,0.3818413237165889,0.9927508162248907,Deterministic,-1.0,Rule-Based Violation,Odometer gap,N/A,"Nisku to Fort Sask,  ➔ Nisku, AB ",
2022-02-13,Nisku to Kamloops ,"Williams Lake,BC ",720580.0,721780.0,1200.0,500.0,700.0,0.0,0.0,0.0,0.0,0.0,0.0,0.0,0.0,NO MATCHING INVOICE,0.0,0.0,NO MATCHING INVOICE,0.0,Log_2_PDF,598.0,provincial_log_nearby,1,2550.0,598.0,0.49833333333333335,0.23450980392156862,0.0,1200.0,0.0,0.0,1.0,0.4166666666666667,0.0,0.4166666666666667,0.5833333333333334,0.0,0.5833333333333334,0.0,0.0,0.0,0.0,0.0,0.0,0.0,0.0,0.0,300.0,598.0,739.0,601.5666666666667,4.0,1.0,1.6238159675236807,0.9940710367374078,Deterministic,-1.0,Rule-Based Violation,None,N/A,"Nisku to Kamloops  ➔ Williams Lake,BC ",
2022-02-25,"Prince George, BC ","Nisku, AB ",729750.0,730600.0,850.0,450.0,350.0,0.0,0.0,0.0,0.0,340.0,0.0,0.0,0.0,NO MATCHING INVOICE,0.0,0.0,NO MATCHING INVOICE,0.0,Log_2_PDF,340.0,provincial_log,2,1000.0,435.0,0.4,0.435,0.0,800.0,50.0,0.0,1.0,0.5294117647058824,0.0,0.5294117647058824,0.4117647058823529,1.0,-0.5882352941176471,0.0,0.0,0.0,0.0,0.0,0.0,0.0,0.0,0.0,980.0,560.0,816.9444444444445,604.1388888888889,0.8673469387755102,0.6071428571428571,1.0404624277456647,0.5627844958388891,Deterministic,-1.0,Rule-Based Violation,Distance mismatch,N/A,"Prince George, BC  ➔ Nisku, AB ",
2022-03-03,Fox Creek to Grande Prairie ,Nisku to Valleyview ,733470.0,734550.0,1080.0,1080.0,0.0,0.0,0.0,0.0,700.0,0.0,0.0,0.0,0.0,NO MATCHING INVOICE,0.0,0.0,NO MATCHING INVOICE,0.0,Log_2_PDF,700.0,provincial_log,2,500.0,694.0,0.6481481481481481,1.388,0.0,1080.0,0.0,29470.0,0.0,1.0,1.0,0.0,0.0,0.0,0.0,0.0,0.0,0.0,0.0,0.0,0.0,0.0,0.0,0.0,895.0,481.25,838.5294117647059,572.4705882352941,1.2067039106145252,1.4545454545454546,1.2879691336373202,1.2227702424989724,Deterministic,-1.0,Rule-Based Violation,Odometer gap,N/A,Fox Creek to Grande Prairie  ➔ Nisku to Valleyview ,
2022-03-05,"Valemount, BC ","Nisku, AB ",772250.0,772750.0,500.0,450.0,50.0,0.0,0.0,0.0,688.0,0.0,0.0,0.0,0.0,NO MATCHING INVOICE,0.0,0.0,NO MATCHING INVOICE,0.0,Log_2_PDF,688.0,provincial_log,2,1050.0,669.0,1.376,0.6371428571428571,0.0,500.0,0.0,37700.0,1.0,0.9,1.0,-0.09999999999999998,0.1,0.0,0.1,0.0,0.0,0.0,0.0,0.0,0.0,0.0,0.0,0.0,903.3333333333334,615.0,872.6470588235294,584.2352941176471,0.5535055350553505,1.1186991869918699,0.5729693292888439,1.1776077325815546,Deterministic,-1.0,Rule-Based Violation,Odometer gap,N/A,"Valemount, BC  ➔ Nisku, AB ",
2022-04-04,"Nisku, AB ","Clairmont, AB ",755050.0,755600.0,550.0,550.0,0.0,0.0,0.0,0.0,963.0,0.0,0.0,0.0,0.0,NO MATCHING INVOICE,0.0,0.0,NO MATCHING INVOICE,0.0,Log_2_PDF,963.0,provincial_log,2,2000.0,731.5,1.750909090909091,0.36575,0.0,550.0,0.0,19400.0,0.0,1.0,1.0,0.0,0.0,0.0,0.0,0.0,0.0,0.0,0.0,0.0,0.0,0.0,0.0,0.0,930.0,678.6,937.5,588.1875,0.5913978494623656,1.4190981432360743,0.5866666666666667,1.637233025183296,Deterministic,-1.0,Rule-Based Violation,Odometer gap,N/A,"Nisku, AB  ➔ Clairmont, AB ",
2022-04-05,nisku to grande prairie ,"Nisku, AB ",772750.0,773800.0,1050.0,1050.0,0.0,0.0,0.0,0.0,0.0,0.0,0.0,0.0,0.0,NO MATCHING INVOICE,0.0,0.0,NO MATCHING INVOICE,0.0,Log_2_PDF,731.5,provincial_log_nearby,1,2000.0,731.5,0.6966666666666667,0.36575,0.0,1050.0,0.0,17150.0,1.0,1.0,0.0,1.0,0.0,0.0,0.0,0.0,0.0,0.0,0.0,0.0,0.0,0.0,0.0,0.0,860.0,761.2,940.625,605.375,1.2209302325581395,0.9609826589595375,1.1162790697674418,1.208341936816023,Deterministic,-1.0,Rule-Based Violation,Odometer gap,N/A,"nisku to grande prairie  ➔ Nisku, AB ",
2022-04-22,"Nisku, AB ","Nisku, AB ",767050.0,767170.0,120.0,120.0,0.0,0.0,0.0,0.0,0.0,0.0,0.0,0.0,0.0,NO MATCHING INVOICE,0.0,0.0,NO MATCHING INVOICE,0.0,Log_2_PDF,545.0,provincial_log_nearby,1,1220.0,545.0,4.541666666666667,0.44672131147540983,0.0,120.0,0.0,0.0,0.0,1.0,0.0,1.0,0.0,0.0,0.0,0.0,0.0,0.0,0.0,0.0,0.0,0.0,0.0,0.0,890.0,470.0,902.9411764705883,587.5,0.1348314606741573,1.1595744680851063,0.13289902280130292,0.9276595744680851,Deterministic,-1.0,Rule-Based Violation,None,N/A,"Nisku, AB  ➔ Nisku, AB ",
2022-05-05,"Nisku, AB ","Dawson Creek, BC ",773800.0,774430.0,630.0,550.0,80.0,0.0,0.0,0.0,690.0,0.0,0.0,0.0,0.0,NO MATCHING INVOICE,0.0,0.0,NO MATCHING INVOICE,0.0,Log_2_PDF,690.0,provincial_log,2,1700.0,645.0,1.0952380952380953,0.37941176470588234,0.0,630.0,0.0,17250.0,1.0,0.873015873015873,1.0,-0.12698412698412698,0.12698412698412698,0.0,0.12698412698412698,0.0,0.0,0.0,0.0,0.0,0.0,0.0,0.0,0.0,1072.5,669.0,904.6428571428571,556.3928571428571,0.5874125874125874,1.031390134529148,0.6964074220292144,1.2401309455035625,Deterministic,-1.0,Rule-Based Violation,Odometer gap,N/A,"Nisku, AB  ➔ Dawson Creek, BC ",
2022-05-15,"Nisku, AB ","Prince George, BC ",778950.0,779750.0,800.0,450.0,350.0,0.0,0.0,0.0,0.0,0.0,0.0,0.0,0.0,NO MATCHING INVOICE,0.0,0.0,NO MATCHING INVOICE,0.0,Log_2_PDF,645.0,provincial_log_nearby,1,1700.0,645.0,0.80625,0.37941176470588234,0.0,800.0,0.0,4520.0,1.0,0.5625,0.0,0.5625,0.4375,0.0,0.4375,0.0,0.0,0.0,0.0,0.0,0.0,0.0,0.0,0.0,0.0,0.0,874.5833333333334,566.5,1.0,1.0,0.914721295855169,1.1385701676963813,Deterministic,-1.0,Rule-Based Violation,Odometer gap,N/A,"Nisku, AB  ➔ Prince George, BC ",
2022-06-04,Nisku to prince george ,"Jasper, AB ",756550.0,757700.0,1150.0,500.0,650.0,0.0,0.0,0.0,0.0,0.0,0.0,0.0,0.0,NO MATCHING INVOICE,0.0,0.0,NO MATCHING INVOICE,0.0,Log_2_PDF,525.0,provincial_log_nearby,1,1970.0,525.0,0.45652173913043476,0.26649746192893403,0.0,1150.0,0.0,39400.0,1.0,0.43478260869565216,0.0,0.43478260869565216,0.5652173913043478,0.0,0.5652173913043478,0.0,0.0,0.0,0.0,0.0,0.0,0.0,0.0,0.0,986.6666666666666,486.6666666666667,835.0,565.9166666666666,1.1655405405405406,1.0787671232876712,1.377245508982036,0.9276984243852158,Deterministic,-1.0,Rule-Based Violation,Odometer gap,N/A,"Nisku to prince george  ➔ Jasper, AB ",
2022-06-05,"Fort St. Jhon, BC ","Nisku, AB ",774430.0,775250.0,820.0,600.0,220.0,0.0,0.0,0.0,500.0,0.0,0.0,0.0,0.0,NO MATCHING INVOICE,0.0,0.0,NO MATCHING INVOICE,0.0,Log_2_PDF,500.0,provincial_log,2,150.0,440.0,0.6097560975609756,2.933333333333333,0.0,820.0,0.0,16730.0,1.0,0.7317073170731707,1.0,-0.2682926829268293,0.2682926829268293,0.0,0.2682926829268293,0.0,0.0,0.0,0.0,0.0,0.0,0.0,0.0,0.0,1027.5,496.25,878.3333333333334,552.1666666666666,0.7980535279805353,1.0075566750629723,0.9335863377609108,0.9055236945366738,Deterministic,-1.0,Rule-Based Violation,Odometer gap,N/A,"Fort St. Jhon, BC  ➔ Nisku, AB ",
2022-06-06,Nisku to Spruce Grove ,"Nisku, AB ",788100.0,788250.0,150.0,150.0,0.0,0.0,0.0,0.0,380.0,0.0,0.0,0.0,0.0,NO MATCHING INVOICE,0.0,0.0,NO MATCHING INVOICE,0.0,Log_2_PDF,380.0,provincial_log,2,850.0,400.0,2.533333333333333,0.47058823529411764,0.0,150.0,0.0,12850.0,1.0,1.0,1.0,0.0,0.0,0.0,0.0,0.0,0.0,0.0,0.0,0.0,0.0,0.0,0.0,0.0,986.0,497.0,873.8461538461538,548.1538461538462,0.15212981744421908,0.7645875251509054,0.17165492957746478,0.6932360370474319,Deterministic,-1.0,Rule-Based Violation,Odometer gap,N/A,"Nisku to Spruce Grove  ➔ Nisku, AB ",
2022-06-14,"Nisku, AB ","Prince George, BC ",792200.0,793050.0,850.0,500.0,350.0,0.0,0.0,0.0,420.0,0.0,0.0,0.0,0.0,NO MATCHING INVOICE,0.0,0.0,NO MATCHING INVOICE,0.0,Log_2_PDF,420.0,provincial_log,2,820.0,531.0,0.49411764705882355,0.6475609756097561,0.0,850.0,0.0,3950.0,1.0,0.5882352941176471,1.0,-0.4117647058823529,0.4117647058823529,0.0,0.4117647058823529,0.0,0.0,0.0,0.0,0.0,0.0,0.0,0.0,0.0,0.0,0.0,822.1428571428571,536.1428571428571,1.0,1.0,1.0338835794960903,0.7833733013589129,Deterministic,-1.0,Rule-Based Violation,Odometer gap,N/A,"Nisku, AB  ➔ Prince George, BC ",
2022-07-02,"Kelowna, BC ","Grande Prairie, AB ",717150.0,718200.0,1050.0,550.0,500.0,0.0,0.0,0.0,550.0,477.0,0.0,0.0,0.0,NO MATCHING INVOICE,0.0,0.0,NO MATCHING INVOICE,0.0,Log_2_PDF,1027.0,provincial_log,2,1050.0,938.5,0.9780952380952381,0.8938095238095238,0.0,1050.0,0.0,0.0,1.0,0.5238095238095238,0.5355404089581305,-0.011730885148606651,0.47619047619047616,0.4644595910418695,0.011730885148606651,0.0,0.0,0.0,0.0,0.0,0.0,0.0,0.0,0.0,696.0,559.5,776.1111111111111,539.4722222222222,1.5086206896551724,1.8355674709562109,1.3528990694345024,1.9037124761855726,Deterministic,-1.0,Rule-Based Violation,None,N/A,"Kelowna, BC  ➔ Grande Prairie, AB ",
2022-07-03,Nisku to Chetwynd ,"Prince George, BC ",735650.0,736700.0,1050.0,650.0,400.0,0.0,0.0,0.0,850.0,0.0,0.0,0.0,0.0,NO MATCHING INVOICE,0.0,0.0,NO MATCHING INVOICE,0.0,Log_2_PDF,850.0,provincial_log,2,1100.0,770.0,0.8095238095238095,0.7,0.0,1050.0,0.0,17450.0,1.0,0.6190476190476191,1.0,-0.38095238095238093,0.38095238095238093,0.0,0.38095238095238093,0.0,0.0,0.0,0.0,0.0,0.0,0.0,0.0,0.0,755.0,637.4166666666666,775.0,565.9722222222222,1.390728476821192,1.33350764805857,1.3548387096774193,1.5018404907975462,Deterministic,-1.0,Rule-Based Violation,Odometer gap,N/A,"Nisku to Chetwynd  ➔ Prince George, BC ",
2022-07-04,nisku to grande prairie ,"Nisku, AB ",757700.0,758800.0,1100.0,1100.0,0.0,0.0,0.0,0.0,690.0,0.0,0.0,0.0,0.0,NO MATCHING INVOICE,0.0,0.0,NO MATCHING INVOICE,0.0,Log_2_PDF,690.0,provincial_log,2,2500.0,670.0,0.6272727272727273,0.268,0.0,1100.0,0.0,21000.0,1.0,1.0,1.0,0.0,0.0,0.0,0.0,0.0,0.0,0.0,0.0,0.0,0.0,0.0,0.0,0.0,805.0,687.8333333333334,789.4736842105264,580.921052631579,1.3664596273291925,1.003149987884662,1.3933333333333333,1.1877689694224236,Deterministic,-1.0,Rule-Based Violation,Odometer gap,N/A,"nisku to grande prairie  ➔ Nisku, AB ",
2022-07-06,"Nisku, AB ","Fort St. Jhon, BC ",788250.0,788950.0,700.0,580.0,120.0,0.0,0.0,0.0,0.0,0.0,0.0,0.0,0.0,NO MATCHING INVOICE,0.0,0.0,NO MATCHING INVOICE,0.0,Log_2_PDF,670.0,provincial_log_nearby,1,2500.0,670.0,0.9571428571428572,0.268,0.0,700.0,0.0,29450.0,1.0,0.8285714285714286,0.0,0.8285714285714286,0.17142857142857143,0.0,0.17142857142857143,0.0,0.0,0.0,0.0,0.0,0.0,0.0,0.0,0.0,896.0,773.4,785.0,594.5833333333334,0.78125,0.8663046289113008,0.89171974522293,1.1268395234758233,Deterministic,-1.0,Rule-Based Violation,Odometer gap,N/A,"Nisku, AB  ➔ Fort St. Jhon, BC ",
2022-08-03,"Prince George, BC ","Nisku, AB ",736700.0,737550.0,850.0,500.0,350.0,0.0,0.0,0.0,650.0,0.0,0.0,0.0,0.0,NO MATCHING INVOICE,0.0,0.0,NO MATCHING INVOICE,0.0,Log_2_PDF,650.0,provincial_log,2,950.0,650.0,0.7647058823529411,0.6842105263157895,0.0,850.0,0.0,17550.0,1.0,0.5882352941176471,1.0,-0.4117647058823529,0.4117647058823529,0.0,0.4117647058823529,0.0,0.0,0.0,0.0,0.0,0.0,0.0,0.0,0.0,950.0,670.0,916.6666666666666,676.6666666666666,0.8947368421052632,0.9701492537313433,0.9272727272727274,0.9605911330049262,Deterministic,-1.0,Rule-Based Violation,Odometer gap,N/A,"Prince George, BC  ➔ Nisku, AB ",
2022-08-06,Fort st jhon to Nisku ,"whitecourt, AB ",788950.0,789900.0,950.0,800.0,150.0,0.0,0.0,0.0,650.0,0.0,0.0,0.0,0.0,NO MATCHING INVOICE,0.0,0.0,NO MATCHING INVOICE,0.0,Log_2_PDF,650.0,provincial_log,2,990.0,531.64,0.6842105263157895,0.537010101010101,0.0,950.0,0.0,51400.0,1.0,0.8421052631578947,1.0,-0.1578947368421053,0.15789473684210525,0.0,0.15789473684210525,0.0,0.0,0.0,0.0,0.0,0.0,0.0,0.0,0.0,900.0,660.0,900.0,660.0,1.0555555555555556,0.9848484848484849,1.0555555555555556,0.9848484848484849,Deterministic,-1.0,Rule-Based Violation,Odometer gap,N/A,"Fort st jhon to Nisku  ➔ whitecourt, AB ",
2022-09-02,"Nisku, AB ","Fort St. Jhon, BC ",719150.0,720050.0,900.0,750.0,150.0,0.0,0.0,0.0,645.0,0.0,0.0,0.0,0.0,NO MATCHING INVOICE,0.0,0.0,NO MATCHING INVOICE,0.0,Log_2_PDF,645.0,provincial_log,2,1000.0,633.0,0.7166666666666667,0.633,0.0,900.0,0.0,433160.0,1.0,0.8333333333333334,1.0,-0.16666666666666663,0.16666666666666666,0.0,0.16666666666666666,0.0,0.0,0.0,0.0,0.0,0.0,0.0,0.0,0.0,0.0,0.0,930.0,571.0933333333334,1.0,1.0,0.967741935483871,1.129412588718715,Deterministic,-1.0,Rule-Based Violation,Odometer gap,N/A,"Nisku, AB  ➔ Fort St. Jhon, BC ",
2022-09-03,nisku to grande prairie ,"Nisku, AB ",737550.0,738550.0,1000.0,1000.0,0.0,0.0,0.0,0.0,621.0,0.0,0.0,0.0,0.0,NO MATCHING INVOICE,0.0,0.0,NO MATCHING INVOICE,0.0,Log_2_PDF,621.0,provincial_log,2,1030.0,560.5,0.621,0.5441747572815534,0.0,1000.0,0.0,17500.0,1.0,1.0,1.0,0.0,0.0,0.0,0.0,0.0,0.0,0.0,0.0,0.0,0.0,0.0,0.0,0.0,900.0,645.0,946.6666666666666,569.4266666666666,1.1111111111111112,0.9627906976744186,1.0563380281690142,1.0905706324490132,Deterministic,-1.0,Rule-Based Violation,Odometer gap,N/A,"nisku to grande prairie  ➔ Nisku, AB ",
2022-09-05,nisku to grande prairie ,"Nisku, AB ",775250.0,776280.0,1030.0,1030.0,0.0,0.0,0.0,0.0,500.0,0.0,0.0,0.0,0.0,NO MATCHING INVOICE,0.0,0.0,NO MATCHING INVOICE,0.0,Log_2_PDF,500.0,provincial_log,2,1150.0,542.5,0.4854368932038835,0.4717391304347826,0.0,1030.0,0.0,36700.0,1.0,1.0,1.0,0.0,0.0,0.0,0.0,0.0,0.0,0.0,0.0,0.0,0.0,0.0,0.0,0.0,950.0,633.0,960.0,582.3199999999999,1.0842105263157895,0.7898894154818326,1.0729166666666667,0.8586344278060174,Deterministic,-1.0,Rule-Based Violation,Odometer gap,N/A,"nisku to grande prairie  ➔ Nisku, AB ",
2022-09-06,"Whitecourt to GP, AB ",Nisku to Valleyview ,789900.0,791050.0,1150.0,1150.0,0.0,0.0,0.0,0.0,585.0,0.0,0.0,0.0,0.0,NO MATCHING INVOICE,0.0,0.0,NO MATCHING INVOICE,0.0,Log_2_PDF,585.0,provincial_log,2,950.0,642.5,0.508695652173913,0.6763157894736842,0.0,1150.0,0.0,13620.0,1.0,1.0,1.0,0.0,0.0,0.0,0.0,0.0,0.0,0.0,0.0,0.0,0.0,0.0,0.0,0.0,976.6666666666666,588.6666666666666,980.0,544.8199999999999,1.1774744027303754,0.9937712344280861,1.1734693877551021,1.0737491281524174,Deterministic,-1.0,Rule-Based Violation,Odometer gap,N/A,"Whitecourt to GP, AB  ➔ Nisku to Valleyview ",
2022-10-02,"Grande Prairie, AB ","Nisku, AB ",720050.0,720580.0,530.0,400.0,130.0,0.0,0.0,0.0,640.0,0.0,0.0,0.0,0.0,NO MATCHING INVOICE,0.0,0.0,NO MATCHING INVOICE,0.0,Log_2_PDF,640.0,provincial_log,2,1050.0,645.0,1.2075471698113207,0.6142857142857143,0.0,530.0,0.0,15100.0,0.0,0.7547169811320755,1.0,-0.24528301886792447,0.24528301886792453,0.0,0.24528301886792453,0.0,0.0,0.0,0.0,0.0,0.0,0.0,0.0,0.0,950.0,700.0,1006.0,610.2,0.5578947368421052,0.9142857142857143,0.5268389662027833,1.0488364470665354,Deterministic,-1.0,Rule-Based Violation,Odometer gap,N/A,"Grande Prairie, AB  ➔ Nisku, AB ",
2022-10-03,Nisku to Chetwynd ,"Prince George, BC ",738550.0,739600.0,1050.0,650.0,400.0,0.0,0.0,0.0,0.0,650.0,0.0,0.0,0.0,NO MATCHING INVOICE,0.0,0.0,NO MATCHING INVOICE,0.0,Log_2_PDF,650.0,provincial_log,2,500.0,640.0,0.6190476190476191,1.28,0.0,1050.0,0.0,17970.0,1.0,0.6190476190476191,0.0,0.6190476190476191,0.38095238095238093,1.0,-0.6190476190476191,0.0,0.0,0.0,0.0,0.0,0.0,0.0,0.0,0.0,740.0,670.0,932.0,609.2,1.4189189189189189,0.9701492537313433,1.1266094420600858,1.0669730794484569,Deterministic,-1.0,Rule-Based Violation,Odometer gap,N/A,"Nisku to Chetwynd  ➔ Prince George, BC ",
2022-10-04,"Nisku, AB ","Grande Prairie, AB ",758800.0,759300.0,500.0,500.0,0.0,0.0,0.0,0.0,630.0,0.0,0.0,0.0,0.0,NO MATCHING INVOICE,0.0,0.0,NO MATCHING INVOICE,0.0,Log_2_PDF,630.0,provincial_log,2,1020.0,565.0,1.26,0.553921568627451,0.0,500.0,0.0,19200.0,0.0,1.0,1.0,0.0,0.0,0.0,0.0,0.0,0.0,0.0,0.0,0.0,0.0,0.0,0.0,0.0,843.3333333333334,663.3333333333334,942.0,615.0,0.5928853754940712,0.9497487437185929,0.5307855626326964,1.024390243902439,Deterministic,-1.0,Rule-Based Violation,Odometer gap,N/A,"Nisku, AB  ➔ Grande Prairie, AB ",
2022-10-05,nisku to grande prairie ,"Nisku, AB ",776280.0,777300.0,1020.0,1020.0,0.0,0.0,0.0,0.0,500.0,0.0,0.0,0.0,0.0,NO MATCHING INVOICE,0.0,0.0,NO MATCHING INVOICE,0.0,Log_2_PDF,500.0,provincial_log,2,1150.0,565.0,0.49019607843137253,0.49130434782608695,0.0,1020.0,0.0,16980.0,1.0,1.0,1.0,0.0,0.0,0.0,0.0,0.0,0.0,0.0,0.0,0.0,0.0,0.0,0.0,0.0,757.5,655.0,868.3333333333334,617.5,1.3465346534653466,0.7633587786259542,1.1746641074856046,0.8097165991902834,Deterministic,-1.0,Rule-Based Violation,Odometer gap,N/A,"nisku to grande prairie  ➔ Nisku, AB ",
2022-10-06,"Chetwynd, BC ","Nisku, AB ",791050.0,792200.0,1150.0,850.0,300.0,0.0,0.0,0.0,630.0,0.0,0.0,0.0,0.0,NO MATCHING INVOICE,0.0,0.0,NO MATCHING INVOICE,0.0,Log_2_PDF,630.0,provincial_log,2,1300.0,590.0,0.5478260869565217,0.45384615384615384,0.0,1150.0,0.0,13750.0,1.0,0.7391304347826086,1.0,-0.26086956521739135,0.2608695652173913,0.0,0.2608695652173913,0.0,0.0,0.0,0.0,0.0,0.0,0.0,0.0,0.0,810.0,624.0,866.6666666666666,617.5,1.4197530864197532,1.0096153846153846,1.3269230769230769,1.0202429149797572,Deterministic,-1.0,Rule-Based Violation,Odometer gap,N/A,"Chetwynd, BC  ➔ Nisku, AB ",
2022-10-08,Brooks,"Edmanton, AB",125420.0,125918.0,450.0,0.0,0.0,0.0,0.0,0.0,0.0,0.0,0.0,0.0,0.0,NO MATCHING INVOICE,0.0,0.0,NO MATCHING INVOICE,0.0,Log_1_Excel,590.0,provincial_log_nearby,1,1300.0,590.0,1.3111111111111111,0.45384615384615384,0.0,0.0,450.0,0.0,0.0,0.0,0.0,0.0,0.0,0.0,0.0,0.0,0.0,0.0,0.0,0.0,0.0,0.0,0.0,0.0,866.6666666666666,625.0,866.6666666666666,625.0,0.5192307692307693,0.944,0.5192307692307693,0.944,Deterministic,-1.0,Rule-Based Violation,Distance mismatch,N/A,"Brooks ➔ Edmanton, AB",
2022-11-01,"Nisku, AB ","Kamloops, BC ",704950.0,705800.0,850.0,400.0,450.0,0.0,0.0,0.0,550.0,0.0,0.0,0.0,0.0,NO MATCHING INVOICE,0.0,0.0,NO MATCHING INVOICE,0.0,Log_2_PDF,550.0,provincial_log,2,1550.0,450.0,0.6470588235294118,0.2903225806451613,0.0,850.0,0.0,579032.0,1.0,0.47058823529411764,1.0,-0.5294117647058824,0.5294117647058824,0.0,0.5294117647058824,0.0,0.0,0.0,0.0,0.0,0.0,0.0,0.0,0.0,0.0,0.0,783.3333333333334,606.6666666666666,1.0,1.0,1.0851063829787233,0.9065934065934067,Deterministic,-1.0,Rule-Based Violation,Odometer gap,N/A,"Nisku, AB  ➔ Kamloops, BC ",
2022-11-03,"Prince George, BC ","Nisku, AB ",739600.0,740600.0,1000.0,650.0,350.0,0.0,0.0,0.0,0.0,0.0,0.0,0.0,0.0,NO MATCHING INVOICE,0.0,0.0,NO MATCHING INVOICE,0.0,Log_2_PDF,450.0,provincial_log_nearby,1,1550.0,450.0,0.45,0.2903225806451613,0.0,1000.0,0.0,33800.0,1.0,0.65,0.0,0.65,0.35,0.0,0.35,0.0,0.0,0.0,0.0,0.0,0.0,0.0,0.0,0.0,850.0,550.0,794.0,580.0,1.1764705882352942,0.8181818181818182,1.2594458438287153,0.7758620689655172,Deterministic,-1.0,Rule-Based Violation,Odometer gap,N/A,"Prince George, BC  ➔ Nisku, AB ",
2022-11-04,"Grande Prairie, AB ","Nisku, AB ",759300.0,759850.0,550.0,550.0,0.0,0.0,0.0,0.0,350.0,0.0,0.0,0.0,0.0,NO MATCHING INVOICE,0.0,0.0,NO MATCHING INVOICE,0.0,Log_2_PDF,350.0,provincial_log,2,1550.0,475.0,0.6363636363636364,0.3064516129032258,0.0,550.0,0.0,18700.0,0.0,1.0,1.0,0.0,0.0,0.0,0.0,0.0,0.0,0.0,0.0,0.0,0.0,0.0,0.0,0.0,925.0,500.0,894.0,544.0,0.5945945945945946,0.7,0.6152125279642058,0.6433823529411765,Deterministic,-1.0,Rule-Based Violation,Odometer gap,N/A,"Grande Prairie, AB  ➔ Nisku, AB ",
2022-11-05,"Nisku, AB ","Chetwynd, BC ",777300.0,778050.0,750.0,600.0,150.0,0.0,0.0,0.0,0.0,0.0,0.0,0.0,0.0,NO MATCHING INVOICE,0.0,0.0,NO MATCHING INVOICE,0.0,Log_2_PDF,475.0,provincial_log_nearby,1,1550.0,475.0,0.6333333333333333,0.3064516129032258,0.0,750.0,0.0,17450.0,1.0,0.8,0.0,0.8,0.2,0.0,0.2,0.0,0.0,0.0,0.0,0.0,0.0,0.0,0.0,0.0,800.0,450.0,800.0,514.0,0.9375,1.0555555555555556,0.9375,0.9241245136186771,Deterministic,-1.0,Rule-Based Violation,Odometer gap,N/A,"Nisku, AB  ➔ Chetwynd, BC ",
2022-12-04,"Nisku, AB ","Kelowna, BC ",759850.0,760850.0,1000.0,500.0,500.0,0.0,0.0,0.0,0.0,500.0,0.0,0.0,0.0,NO MATCHING INVOICE,0.0,0.0,NO MATCHING INVOICE,0.0,Log_2_PDF,500.0,provincial_log,2,900.0,550.0,0.5,0.6111111111111112,0.0,1000.0,0.0,53250.0,1.0,0.5,0.0,0.5,0.5,1.0,-0.5,0.0,0.0,0.0,0.0,0.0,0.0,0.0,0.0,0.0,800.0,600.0,700.0,475.0,1.25,0.8333333333333334,1.4285714285714286,1.0526315789473684,Deterministic,-1.0,Rule-Based Violation,Odometer gap,N/A,"Nisku, AB  ➔ Kelowna, BC ",
2022-12-05,"Chetwynd, BC ","Nisku, AB ",778050.0,778950.0,900.0,700.0,200.0,0.0,0.0,0.0,600.0,0.0,0.0,0.0,0.0,NO MATCHING INVOICE,0.0,0.0,NO MATCHING INVOICE,0.0,Log_2_PDF,600.0,provincial_log,2,390.0,314.3815,0.6666666666666666,0.8061064102564103,0.0,900.0,0.0,17200.0,1.0,0.7777777777777778,1.0,-0.2222222222222222,0.2222222222222222,0.0,0.2222222222222222,0.0,0.0,0.0,0.0,0.0,0.0,0.0,0.0,0.0,900.0,550.0,850.0,525.0,1.0,1.0909090909090908,1.0588235294117647,1.1428571428571428,Deterministic,-1.0,Rule-Based Violation,Odometer gap,N/A,"Chetwynd, BC  ➔ Nisku, AB ",
2023-01-07,Kelowna,Langley,247330.0,247720.0,390.0,0.0,390.0,0.0,0.0,0.0,0.0,28.763,0.0,0.0,0.0,000416,2023-01-07 00:00:00,10:22:35,"KELOUNA,, BC",45.42,Log_1_Excel,28.763,invoice,3,80.0,23.5895,0.07375128205128205,0.29486875,0.11646153846153846,390.0,0.0,0.0,0.0,0.0,0.0,0.0,1.0,1.0,0.0,0.0,0.0,0.0,0.0,0.0,0.0,0.0,0.0,0.0,0.0,0.0,0.0,0.0,1.0,1.0,1.0,1.0,Deterministic,-1.0,Rule-Based Violation,None,N/A,Kelowna ➔ Langley,
2023-06-21,Willowdale,Caledon,78955.0,79035.0,80.0,0.0,0.0,0.0,80.0,0.0,0.0,0.0,0.0,18.416,0.0,075795,2023-06-21 00:00:00,13:13:37,"WILLOWDALE, ON",30.0,Log_1_Excel,18.416,invoice,3,145.0,56.4075,0.23020000000000002,0.3890172413793103,0.375,80.0,0.0,0.0,0.0,0.0,0.0,0.0,0.0,0.0,0.0,0.0,0.0,0.0,1.0,1.0,0.0,0.0,0.0,0.0,0.0,0.0,0.0,0.0,1.0,1.0,1.0,1.0,Deterministic,-1.0,Rule-Based Violation,None,N/A,Willowdale ➔ Caledon,
2024-04-11,"Red Deer, AB","Edmonton, AB",156742.0,156887.0,145.0,145.0,0.0,0.0,0.0,0.0,94.399,0.0,0.0,0.0,0.0,115414,2024-04-11 00:00:00,13:24:03,"RED DEER, AB",150.0,Log_1_Excel,94.399,invoice,3,215.0,64.856,0.6510275862068966,0.30165581395348834,1.0344827586206897,145.0,0.0,77707.0,0.0,1.0,1.0,0.0,0.0,0.0,0.0,0.0,0.0,0.0,0.0,0.0,0.0,0.0,0.0,0.0,0.0,0.0,0.0,0.0,1.0,1.0,1.0,1.0,Deterministic,-1.0,Rule-Based Violation,Odometer gap,N/A,"Red Deer, AB ➔ Edmonton, AB",
2025-11-30,Winnipeg,Brandon,62845.0,63060.0,215.0,0.0,0.0,215.0,0.0,0.0,0.0,0.0,35.313,0.0,0.0,0010019100,2025-11-30 00:00:00,18:51:41,"WINNIPEG, MB",41.03,Log_1_Excel,35.313,invoice,3,0.0,35.313,0.164246511627907,0.0,0.1908372093023256,215.0,0.0,0.0,0.0,0.0,0.0,0.0,0.0,0.0,0.0,1.0,1.0,0.0,0.0,0.0,0.0,0.0,0.0,0.0,0.0,0.0,0.0,0.0,1.0,1.0,1.0,1.0,Deterministic,-1.0,Rule-Based Violation,None,N/A,Winnipeg ➔ Brandon,
2022-02-17,"Nisku, AB ","Valleyview, AB ",724480.0,724850.0,370.0,370.0,0.0,0.0,0.0,0.0,0.0,0.0,0.0,0.0,0.0,NO MATCHING INVOICE,0.0,0.0,NO MATCHING INVOICE,0.0,Log_2_PDF,525.0,provincial_log_nearby,1,1020.0,525.0,1.4189189189189189,0.5147058823529411,0.0,370.0,0.0,0.0,0.0,1.0,0.0,1.0,0.0,0.0,0.0,0.0,0.0,0.0,0.0,0.0,0.0,0.0,0.0,0.0,975.0,643.5,774.1666666666666,607.25,0.37948717948717947,0.8158508158508159,0.4779332615715824,0.8645533141210374,Isolation Forest,-0.5592616909229838,total_km,fuel_litres_per_km,High,"Nisku, AB  ➔ Valleyview, AB ",-1.0
2022-03-31,"Nisku, AB ","Kelowna, BC ",752980.0,754000.0,1020.0,520.0,500.0,0.0,0.0,0.0,0.0,0.0,0.0,0.0,0.0,NO MATCHING INVOICE,0.0,0.0,NO MATCHING INVOICE,0.0,Log_2_PDF,826.5,provincial_log_nearby,1,2670.0,826.5,0.8102941176470588,0.3095505617977528,0.0,1020.0,0.0,0.0,1.0,0.5098039215686274,0.0,0.5098039215686274,0.49019607843137253,0.0,0.49019607843137253,0.0,0.0,0.0,0.0,0.0,0.0,0.0,0.0,0.0,866.0,568.0,911.875,567.0625,1.1778290993071594,1.455105633802817,1.1185743660041123,1.4575112972555935,Isolation Forest,-0.5540618597534681,km_per_tank,fuel_to_weekly_ratio,High,"Nisku, AB  ➔ Kelowna, BC ",-1.0
2022-12-01,"Kamloops, BC ","Nisku, AB ",705800.0,706600.0,800.0,350.0,450.0,0.0,0.0,0.0,0.0,600.0,0.0,0.0,0.0,NO MATCHING INVOICE,0.0,0.0,NO MATCHING INVOICE,0.0,Log_2_PDF,600.0,provincial_log,2,1000.0,550.0,0.75,0.55,0.0,800.0,0.0,0.0,1.0,0.4375,0.0,0.4375,0.5625,1.0,-0.4375,0.0,0.0,0.0,0.0,0.0,0.0,0.0,0.0,0.0,0.0,0.0,787.5,456.25,1.0,1.0,1.0158730158730158,1.3150684931506849,Isolation Forest,-0.5530682359241028,weekly_avg_fuel_litres,weekly_avg_distance_km,High,"Kamloops, BC  ➔ Nisku, AB ",-1.0
