trip_date,trip_origin,trip_destination,start_odometer,end_odometer,total_km,ab_km,bc_km,mb_km,on_km,sk_km,ab_fuel,bc_fuel,mb_fuel,on_fuel,sk_fuel,matching_invoice_number,invoice_date,invoice_time,invoice_location,total_cost,source_log,total_fuel_litres,fuel_source,fuel_source_reliability,km_per_tank,avg_fuel_per_tank,fuel_litres_per_km,cycle_fuel_per_km,fuel_cost_per_km,provincial_sum_km,km_reconciliation_gap,odometer_gap,cross_border_trip,ab_dist_prop,ab_fuel_prop,ab_dist_fuel_variance,bc_dist_prop,bc_fuel_prop,bc_dist_fuel_variance,mb_dist_prop,mb_fuel_prop,mb_dist_fuel_variance,on_dist_prop,on_fuel_prop,on_dist_fuel_variance,sk_dist_prop,sk_fuel_prop,sk_dist_fuel_variance,weekly_avg_distance_km,weekly_avg_fuel_litres,monthly_avg_distance_km,monthly_avg_fuel_litres,dist_to_weekly_ratio,fuel_to_weekly_ratio,dist_to_monthly_ratio,fuel_to_monthly_ratio
2016-03-06,Edmonton,Kelowna,92604.0,93179.0,575.0,0.0,0.0,0.0,0.0,0.0,0.0,0.0,0.0,0.0,0.0,NO MATCHING INVOICE,0.0,0.0,NO MATCHING INVOICE,0.0,Log_1_Excel,46.445,missing,0,3825.0,46.445,0.08077391304347827,0.012142483660130718,0.0,0.0,575.0,0.0,0.0,0.0,0.0,0.0,0.0,0.0,0.0,0.0,0.0,0.0,0.0,0.0,0.0,0.0,0.0,0.0,0.0,0.0,0.0,0.0,1.0,1.0,1.0,1.0
2016-03-16,Caledon,Red Deer,305118.0,308368.0,3250.0,0.0,0.0,0.0,3250.0,0.0,0.0,0.0,0.0,46.445,0.0,3537601,2016-03-16 00:00:00,09:56:00,"CALEDON, ON",40.83,Log_1_Excel,46.445,invoice,3,115.0,37.8375,0.01429076923076923,0.32902173913043475,0.012563076923076923,3250.0,0.0,1.0,0.0,0.0,0.0,0.0,0.0,0.0,0.0,0.0,0.0,0.0,1.0,1.0,0.0,0.0,0.0,0.0,0.0,0.0,575.0,46.445,1.0,1.0,5.6521739130434785,1.0
2016-04-30,Burnaby,Lankey,189560.0,189645.0,85.0,0.0,85.0,0.0,0.0,0.0,0.0,0.0,0.0,0.0,0.0,0102022606,2016-04-30 00:00:00,15:15:54,"BURNABY,, BC",31.0,Log_1_Excel,37.8375,invoice,3,115.0,37.8375,0.4451470588235294,0.32902173913043475,0.36470588235294116,85.0,0.0,0.0,0.0,0.0,0.0,0.0,1.0,0.0,1.0,0.0,0.0,0.0,0.0,0.0,0.0,0.0,0.0,0.0,0.0,0.0,0.0,0.0,1.0,1.0,1.0,1.0
2016-05-04,Langley,Burnaby,41908.0,41938.0,30.0,0.0,30.0,0.0,0.0,0.0,0.0,29.23,0.0,0.0,0.0,137400032RT,2016-05-04 00:00:00,16:26:26,"LANGLEY, BC",33.0,Log_1_Excel,29.23,invoice,3,30.0,29.23,0.9743333333333334,0.9743333333333334,1.1,30.0,0.0,0.0,0.0,0.0,0.0,0.0,1.0,1.0,0.0,0.0,0.0,0.0,0.0,0.0,0.0,0.0,0.0,0.0,85.0,37.8375,85.0,37.8375,0.35294117647058826,0.7725140403039313,0.35294117647058826,0.7725140403039313
2020-08-23,Lankey ,Burnaby,41908.0,41938.0,30.0,0.0,30.0,0.0,0.0,0.0,0.0,29.23,0.0,0.0,0.0,62165364653,2020-08-23 00:00:00,03:31:00,"LANKEY, BC",33.0,Log_1_Excel,29.23,invoice,3,90.0,38.219,0.9743333333333334,0.42465555555555556,1.1,30.0,0.0,0.0,0.0,0.0,0.0,0.0,1.0,1.0,0.0,0.0,0.0,0.0,0.0,0.0,0.0,0.0,0.0,0.0,0.0,0.0,0.0,0.0,1.0,1.0,1.0,1.0
2021-05-08,"Barrie, ON","Willowdale, ON",211390.0,211480.0,90.0,0.0,0.0,0.0,90.0,0.0,0.0,0.0,0.0,47.208,0.0,126714,2021-05-08 00:00:00,16:27:00,"BARRIE, ON",59.43,Log_1_Excel,47.208,invoice,3,800.0,348.604,0.5245333333333333,0.435755,0.6603333333333333,90.0,0.0,1.0,0.0,0.0,0.0,0.0,0.0,0.0,0.0,0.0,0.0,0.0,1.0,1.0,0.0,0.0,0.0,0.0,0.0,0.0,0.0,0.0,1.0,1.0,1.0,1.0
2022-01-03,"Nisku, AB ","Fort St. Jhon, BC ",731600.0,732400.0,800.0,650.0,150.0,0.0,0.0,0.0,650.0,0.0,0.0,0.0,0.0,NO MATCHING INVOICE,0.0,0.0,NO MATCHING INVOICE,0.0,Log_2_PDF,650.0,provincial_log,2,1050.0,600.0,0.8125,0.5714285714285714,0.0,800.0,0.0,0.0,1.0,0.8125,1.0,-0.1875,0.1875,0.0,0.1875,0.0,0.0,0.0,0.0,0.0,0.0,0.0,0.0,0.0,0.0,0.0,0.0,0.0,1.0,1.0,1.0,1.0
2022-01-04,"Kelowna, BC ","Nisku, AB ",754000.0,755050.0,1050.0,500.0,550.0,0.0,0.0,0.0,0.0,550.0,0.0,0.0,0.0,NO MATCHING INVOICE,0.0,0.0,NO MATCHING INVOICE,0.0,Log_2_PDF,550.0,provincial_log,2,530.0,575.0,0.5238095238095238,1.0849056603773586,0.0,1050.0,0.0,1.0,1.0,0.47619047619047616,0.0,0.47619047619047616,0.5238095238095238,1.0,-0.47619047619047616,0.0,0.0,0.0,0.0,0.0,0.0,0.0,0.0,0.0,800.0,650.0,800.0,650.0,1.3125,0.8461538461538461,1.3125,0.8461538461538461
2022-01-06,"Valemount, BC ","Nisku, AB ",787270.0,787800.0,530.0,0.0,80.0,0.0,0.0,0.0,600.0,0.0,0.0,0.0,0.0,NO MATCHING INVOICE,0.0,0.0,NO MATCHING INVOICE,0.0,Log_2_PDF,600.0,provincial_log,2,1000.0,605.0,1.1320754716981132,0.605,0.0,80.0,450.0,1.0,1.0,0.0,1.0,-1.0,0.1509433962264151,0.0,0.1509433962264151,0.0,0.0,0.0,0.0,0.0,0.0,0.0,0.0,0.0,925.0,600.0,925.0,600.0,0.572972972972973,1.0,0.572972972972973,1.0
2022-01-13,nisku to grande prairie ,"Nisku, AB ",706600.0,707600.0,1000.0,1000.0,0.0,0.0,0.0,0.0,610.0,0.0,0.0,0.0,0.0,NO MATCHING INVOICE,0.0,0.0,NO MATCHING INVOICE,0.0,Log_2_PDF,610.0,provincial_log,2,1620.0,667.0,0.61,0.41172839506172837,0.0,1000.0,0.0,0.0,1.0,1.0,1.0,0.0,0.0,0.0,0.0,0.0,0.0,0.0,0.0,0.0,0.0,0.0,0.0,0.0,530.0,600.0,793.3333333333334,600.0,1.8867924528301887,1.0166666666666666,1.2605042016806722,1.0166666666666666
2022-01-14,nisku to grande prairie ,"Nisku, AB ",707600.0,708650.0,1050.0,1050.0,0.0,0.0,0.0,0.0,0.0,0.0,0.0,0.0,0.0,NO MATCHING INVOICE,0.0,0.0,NO MATCHING INVOICE,0.0,Log_2_PDF,667.0,provincial_log_nearby,1,1620.0,667.0,0.6352380952380953,0.41172839506172837,0.0,1050.0,0.0,0.0,1.0,1.0,0.0,1.0,0.0,0.0,0.0,0.0,0.0,0.0,0.0,0.0,0.0,0.0,0.0,0.0,1000.0,610.0,845.0,602.5,1.05,1.0934426229508196,1.242603550295858,1.1070539419087138
2022-01-18,"Nisku, AB ","Fort St. Jhon, BC ",708650.0,709220.0,570.0,420.0,150.0,0.0,0.0,0.0,724.0,0.0,0.0,0.0,0.0,NO MATCHING INVOICE,0.0,0.0,NO MATCHING INVOICE,0.0,Log_2_PDF,724.0,provincial_log,2,1030.0,687.0,1.2701754385964912,0.6669902912621359,0.0,570.0,0.0,0.0,1.0,0.7368421052631579,1.0,-0.26315789473684215,0.2631578947368421,0.0,0.2631578947368421,0.0,0.0,0.0,0.0,0.0,0.0,0.0,0.0,0.0,1025.0,638.5,886.0,615.4,0.5560975609756098,1.133907595927956,0.6433408577878104,1.1764705882352942
2022-01-19,"Fort St. Jhon, BC ",Red Deer to Nisku ,709220.0,710250.0,1030.0,880.0,150.0,0.0,0.0,0.0,650.0,0.0,0.0,0.0,0.0,NO MATCHING INVOICE,0.0,0.0,NO MATCHING INVOICE,0.0,Log_2_PDF,650.0,provincial_log,2,800.0,541.0,0.6310679611650486,0.67625,0.0,1030.0,0.0,0.0,1.0,0.8543689320388349,1.0,-0.1456310679611651,0.14563106796116504,0.0,0.14563106796116504,0.0,0.0,0.0,0.0,0.0,0.0,0.0,0.0,0.0,873.3333333333334,667.0,833.3333333333334,633.5,1.1793893129770991,0.974512743628186,1.236,1.0260457774269929
2022-01-20,"Nisku, AB ","Prince George, BC ",710250.0,711050.0,800.0,450.0,350.0,0.0,0.0,0.0,432.0,0.0,0.0,0.0,0.0,NO MATCHING INVOICE,0.0,0.0,NO MATCHING INVOICE,0.0,Log_2_PDF,432.0,provincial_log,2,950.0,388.5,0.54,0.4089473684210526,0.0,800.0,0.0,0.0,1.0,0.5625,1.0,-0.4375,0.4375,0.0,0.4375,0.0,0.0,0.0,0.0,0.0,0.0,0.0,0.0,0.0,912.5,662.75,861.4285714285714,635.8571428571429,0.8767123287671232,0.6518294983025273,0.9286898839137645,0.6793978881150303
2022-01-21,"Prince George, BC ","Nisku, AB ",711050.0,712000.0,950.0,550.0,400.0,0.0,0.0,0.0,0.0,345.0,0.0,0.0,0.0,NO MATCHING INVOICE,0.0,0.0,NO MATCHING INVOICE,0.0,Log_2_PDF,345.0,provincial_log,2,550.0,495.0,0.3631578947368421,0.9,0.0,950.0,0.0,0.0,1.0,0.5789473684210527,0.0,0.5789473684210527,0.42105263157894735,1.0,-0.5789473684210527,0.0,0.0,0.0,0.0,0.0,0.0,0.0,0.0,0.0,862.5,618.25,853.75,610.375,1.1014492753623188,0.5580266882329155,1.1127379209370425,0.5652262953102601
2022-01-24,"Nisku, AB ","Grande Prairie, AB ",712000.0,712550.0,550.0,550.0,0.0,0.0,0.0,0.0,645.0,0.0,0.0,0.0,0.0,NO MATCHING INVOICE,0.0,0.0,NO MATCHING INVOICE,0.0,Log_2_PDF,645.0,provincial_log,2,600.0,615.0,1.1727272727272726,1.025,0.0,550.0,0.0,0.0,0.0,1.0,1.0,0.0,0.0,0.0,0.0,0.0,0.0,0.0,0.0,0.0,0.0,0.0,0.0,0.0,837.5,537.75,864.4444444444445,580.8888888888889,0.6567164179104478,1.199442119944212,0.6362467866323908,1.1103672532517215
2022-01-25,"Grande Prairie, AB ","Nisku, AB ",712550.0,713150.0,600.0,600.0,0.0,0.0,0.0,0.0,585.0,0.0,0.0,0.0,0.0,NO MATCHING INVOICE,0.0,0.0,NO MATCHING INVOICE,0.0,Log_2_PDF,585.0,provincial_log,2,1480.0,617.5,0.975,0.4172297297297297,0.0,600.0,0.0,0.0,0.0,1.0,1.0,0.0,0.0,0.0,0.0,0.0,0.0,0.0,0.0,0.0,0.0,0.0,0.0,0.0,780.0,559.2,833.0,587.3,0.7692307692307693,1.046137339055794,0.7202881152460985,0.9960837731993871
2022-01-26,"Nisku, AB ","Fort St. Jhon, BC ",713150.0,713950.0,800.0,650.0,150.0,0.0,0.0,0.0,0.0,0.0,0.0,0.0,0.0,NO MATCHING INVOICE,0.0,0.0,NO MATCHING INVOICE,0.0,Log_2_PDF,617.5,provincial_log_nearby,1,1480.0,617.5,0.771875,0.4172297297297297,0.0,800.0,0.0,0.0,1.0,0.8125,0.0,0.8125,0.1875,0.0,0.1875,0.0,0.0,0.0,0.0,0.0,0.0,0.0,0.0,0.0,786.0,531.4,811.8181818181819,587.0909090909091,1.0178117048346056,1.1620248400451638,0.9854423292273236,1.0517962217404768
2022-01-27,"Fort St. Jhon, BC ","Nisku, AB ",713950.0,714630.0,680.0,530.0,150.0,0.0,0.0,0.0,650.0,0.0,0.0,0.0,0.0,NO MATCHING INVOICE,0.0,0.0,NO MATCHING INVOICE,0.0,Log_2_PDF,650.0,provincial_log,2,1450.0,670.0,0.9558823529411765,0.46206896551724136,0.0,680.0,0.0,0.0,1.0,0.7794117647058824,1.0,-0.22058823529411764,0.22058823529411764,0.0,0.22058823529411764,0.0,0.0,0.0,0.0,0.0,0.0,0.0,0.0,0.0,740.0,524.9,810.8333333333334,589.625,0.918918918918919,1.2383311106877501,0.8386433710174717,1.1023955904176383
2022-01-30,"Nisku, AB ","Fort St. Jhon, BC ",714630.0,715230.0,600.0,500.0,100.0,0.0,0.0,0.0,0.0,0.0,0.0,0.0,0.0,NO MATCHING INVOICE,0.0,0.0,NO MATCHING INVOICE,0.0,Log_2_PDF,670.0,provincial_log_nearby,1,1450.0,670.0,1.1166666666666667,0.46206896551724136,0.0,600.0,0.0,0.0,1.0,0.8333333333333334,0.0,0.8333333333333334,0.16666666666666666,0.0,0.16666666666666666,0.0,0.0,0.0,0.0,0.0,0.0,0.0,0.0,0.0,657.5,624.375,800.7692307692307,594.2692307692307,0.9125475285171103,1.073073073073073,0.7492795389048992,1.1274351174681252
2022-01-31,"Fort St. Jhon, BC ","Nisku, AB ",715230.0,716080.0,850.0,600.0,200.0,0.0,0.0,0.0,690.0,0.0,0.0,0.0,0.0,NO MATCHING INVOICE,0.0,0.0,NO MATCHING INVOICE,0.0,Log_2_PDF,690.0,provincial_log,2,500.0,595.0,0.8117647058823529,1.19,0.0,800.0,50.0,0.0,1.0,0.7058823529411765,1.0,-0.2941176470588235,0.23529411764705882,0.0,0.23529411764705882,0.0,0.0,0.0,0.0,0.0,0.0,0.0,0.0,0.0,646.0,633.5,786.4285714285714,599.6785714285714,1.3157894736842106,1.0891870560378847,1.080835603996367,1.1506164016437377
2022-02-01,"Nisku, AB ","Grande Prairie, AB ",702870.0,703370.0,500.0,500.0,0.0,0.0,0.0,0.0,500.0,0.0,0.0,0.0,0.0,NO MATCHING INVOICE,0.0,0.0,NO MATCHING INVOICE,0.0,Log_2_PDF,500.0,provincial_log,2,1070.0,600.0,1.0,0.5607476635514018,0.0,500.0,0.0,0.0,0.0,1.0,1.0,0.0,0.0,0.0,0.0,0.0,0.0,0.0,0.0,0.0,0.0,0.0,0.0,0.0,706.0,642.5,790.6666666666666,605.7,0.7082152974504249,0.7782101167315175,0.6323777403035413,0.8254911672445104
2022-02-03,"Fort St. Jhon, BC ",Nisku to Fox Creek ,732400.0,733470.0,1070.0,920.0,150.0,0.0,0.0,0.0,700.0,0.0,0.0,0.0,0.0,NO MATCHING INVOICE,0.0,0.0,NO MATCHING INVOICE,0.0,Log_2_PDF,700.0,provincial_log,2,735.0,625.0,0.6542056074766355,0.8503401360544217,0.0,1070.0,0.0,1.0,1.0,0.8598130841121495,1.0,-0.14018691588785048,0.14018691588785046,0.0,0.14018691588785046,0.0,0.0,0.0,0.0,0.0,0.0,0.0,0.0,0.0,657.5,627.5,770.6666666666666,595.7,1.6273764258555132,1.1155378486055776,1.38840830449827,1.1750881316098707
2022-02-05,"Abbotsford, BC ","Valemount, BC ",771515.0,772250.0,735.0,0.0,735.0,0.0,0.0,0.0,0.0,550.0,0.0,0.0,0.0,NO MATCHING INVOICE,0.0,0.0,NO MATCHING INVOICE,0.0,Log_2_PDF,550.0,provincial_log,2,2550.0,598.0,0.7482993197278912,0.23450980392156862,0.0,735.0,0.0,1.0,1.0,0.0,0.0,0.0,1.0,1.0,0.0,0.0,0.0,0.0,0.0,0.0,0.0,0.0,0.0,0.0,755.0,640.0,772.0,605.7,0.9735099337748344,0.859375,0.9520725388601037,0.9080402839689614
2022-02-06,"Nisku to Fort Sask, ","Nisku, AB ",787800.0,788100.0,300.0,300.0,0.0,0.0,0.0,0.0,0.0,0.0,0.0,0.0,0.0,NO MATCHING INVOICE,0.0,0.0,NO MATCHING INVOICE,0.0,Log_2_PDF,598.0,provincial_log_nearby,1,2550.0,598.0,1.9933333333333334,0.23450980392156862,0.0,300.0,0.0,1.0,1.0,1.0,0.0,1.0,0.0,0.0,0.0,0.0,0.0,0.0,0.0,0.0,0.0,0.0,0.0,0.0,751.0,622.0,785.6666666666666,602.3666666666667,0.3994673768308921,0.9614147909967846,0.3818413237165889,0.9927508162248907
2022-02-13,Nisku to Kamloops ,"Williams Lake,BC ",720580.0,721780.0,1200.0,500.0,700.0,0.0,0.0,0.0,0.0,0.0,0.0,0.0,0.0,NO MATCHING INVOICE,0.0,0.0,NO MATCHING INVOICE,0.0,Log_2_PDF,598.0,provincial_log_nearby,1,2550.0,598.0,0.49833333333333335,0.23450980392156862,0.0,1200.0,0.0,0.0,1.0,0.4166666666666667,0.0,0.4166666666666667,0.5833333333333334,0.0,0.5833333333333334,0.0,0.0,0.0,0.0,0.0,0.0,0.0,0.0,0.0,300.0,598.0,739.0,601.5666666666667,4.0,1.0,1.6238159675236807,0.9940710367374078
2022-02-14,"Williams Lake, BC ","Nisku, AB ",721780.0,722830.0,1050.0,550.0,500.0,0.0,0.0,0.0,0.0,646.0,0.0,0.0,0.0,NO MATCHING INVOICE,0.0,0.0,NO MATCHING INVOICE,0.0,Log_2_PDF,646.0,provincial_log,2,800.0,663.0,0.6152380952380953,0.82875,0.0,1050.0,0.0,0.0,1.0,0.5238095238095238,0.0,0.5238095238095238,0.47619047619047616,1.0,-0.5238095238095238,0.0,0.0,0.0,0.0,0.0,0.0,0.0,0.0,0.0,1200.0,598.0,749.0,596.9666666666667,0.875,1.080267558528428,1.4018691588785046,1.0821374727790496
2022-02-15,"Nisku, AB ","Fort St. Jhon, BC ",722830.0,723630.0,800.0,650.0,150.0,0.0,0.0,0.0,680.0,0.0,0.0,0.0,0.0,NO MATCHING INVOICE,0.0,0.0,NO MATCHING INVOICE,0.0,Log_2_PDF,680.0,provincial_log,2,850.0,665.0,0.85,0.7823529411764706,0.0,800.0,0.0,0.0,1.0,0.8125,1.0,-0.1875,0.1875,0.0,0.1875,0.0,0.0,0.0,0.0,0.0,0.0,0.0,0.0,0.0,1125.0,622.0,767.8125,600.03125,0.7111111111111111,1.0932475884244373,1.0419210419210418,1.133274308629759
2022-02-16,"Fort St. Jhon, BC ","Nisku, AB ",723630.0,724480.0,850.0,700.0,150.0,0.0,0.0,0.0,650.0,0.0,0.0,0.0,0.0,NO MATCHING INVOICE,0.0,0.0,NO MATCHING INVOICE,0.0,Log_2_PDF,650.0,provincial_log,2,1020.0,525.0,0.7647058823529411,0.5147058823529411,0.0,850.0,0.0,0.0,1.0,0.8235294117647058,1.0,-0.17647058823529416,0.17647058823529413,0.0,0.17647058823529413,0.0,0.0,0.0,0.0,0.0,0.0,0.0,0.0,0.0,1016.6666666666666,641.3333333333334,769.7058823529412,604.7352941176471,0.8360655737704918,1.0135135135135134,1.104317921283913,1.0748504450172656
2022-02-17,"Nisku, AB ","Valleyview, AB ",724480.0,724850.0,370.0,370.0,0.0,0.0,0.0,0.0,0.0,0.0,0.0,0.0,0.0,NO MATCHING INVOICE,0.0,0.0,NO MATCHING INVOICE,0.0,Log_2_PDF,525.0,provincial_log_nearby,1,1020.0,525.0,1.4189189189189189,0.5147058823529411,0.0,370.0,0.0,0.0,0.0,1.0,0.0,1.0,0.0,0.0,0.0,0.0,0.0,0.0,0.0,0.0,0.0,0.0,0.0,0.0,975.0,643.5,774.1666666666666,607.25,0.37948717948717947,0.8158508158508159,0.4779332615715824,0.8645533141210374
2022-02-18,"Grande Prairie, AB ","Nisku, AB ",724850.0,725500.0,650.0,650.0,0.0,0.0,0.0,0.0,400.0,0.0,0.0,0.0,0.0,NO MATCHING INVOICE,0.0,0.0,NO MATCHING INVOICE,0.0,Log_2_PDF,400.0,provincial_log,2,800.0,475.0,0.6153846153846154,0.59375,0.0,650.0,0.0,0.0,0.0,1.0,1.0,0.0,0.0,0.0,0.0,0.0,0.0,0.0,0.0,0.0,0.0,0.0,0.0,0.0,854.0,619.8,763.0555555555555,596.1944444444445,0.7611241217798594,0.6453694740238787,0.8518383691299599,0.6709220519032754
2022-02-21,"Nisku, AB ","Fort St. Jhon, BC ",725500.0,726300.0,800.0,650.0,150.0,0.0,0.0,0.0,550.0,0.0,0.0,0.0,0.0,NO MATCHING INVOICE,0.0,0.0,NO MATCHING INVOICE,0.0,Log_2_PDF,550.0,provincial_log,2,1150.0,640.0,0.6875,0.5565217391304348,0.0,800.0,0.0,0.0,1.0,0.8125,1.0,-0.1875,0.1875,0.0,0.1875,0.0,0.0,0.0,0.0,0.0,0.0,0.0,0.0,0.0,744.0,580.2,725.3125,606.53125,1.075268817204301,0.9479489831092726,1.1029728565273589,0.9067958163738472
2022-02-22,"Fort St. Jhon, BC ",Nisku to Calgary ,726300.0,727450.0,1150.0,1000.0,150.0,0.0,0.0,0.0,730.0,0.0,0.0,0.0,0.0,NO MATCHING INVOICE,0.0,0.0,NO MATCHING INVOICE,0.0,Log_2_PDF,730.0,provincial_log,2,1200.0,705.0,0.6347826086956522,0.5875,0.0,1150.0,0.0,0.0,1.0,0.8695652173913043,1.0,-0.13043478260869568,0.13043478260869565,0.0,0.13043478260869565,0.0,0.0,0.0,0.0,0.0,0.0,0.0,0.0,0.0,694.0,561.0,729.7058823529412,603.2058823529412,1.6570605187319885,1.3012477718360071,1.5759774284562675,1.2102003998244673
2022-02-23,Calgary to Grande Prairie ,"Nisku, AB ",727450.0,728650.0,1200.0,1200.0,0.0,0.0,0.0,0.0,680.0,0.0,0.0,0.0,0.0,NO MATCHING INVOICE,0.0,0.0,NO MATCHING INVOICE,0.0,Log_2_PDF,680.0,provincial_log,2,1100.0,560.0,0.5666666666666667,0.509090909090909,0.0,1200.0,0.0,0.0,0.0,1.0,1.0,0.0,0.0,0.0,0.0,0.0,0.0,0.0,0.0,0.0,0.0,0.0,0.0,0.0,764.0,571.0,753.0555555555555,610.25,1.5706806282722514,1.1908931698774081,1.5935079306528956,1.1142974190905366
2022-02-24,Nisku to Chetwynd ,"Prince George, BC ",728650.0,729750.0,1100.0,650.0,450.0,0.0,0.0,0.0,440.0,0.0,0.0,0.0,0.0,NO MATCHING INVOICE,0.0,0.0,NO MATCHING INVOICE,0.0,Log_2_PDF,440.0,provincial_log,2,850.0,390.0,0.4,0.4588235294117647,0.0,1100.0,0.0,0.0,1.0,0.5909090909090909,1.0,-0.40909090909090906,0.4090909090909091,0.0,0.4090909090909091,0.0,0.0,0.0,0.0,0.0,0.0,0.0,0.0,0.0,834.0,577.0,789.1666666666666,612.1944444444445,1.3189448441247003,0.7625649913344887,1.3938753959873285,0.7187258950043105
2022-02-25,"Prince George, BC ","Nisku, AB ",729750.0,730600.0,850.0,450.0,350.0,0.0,0.0,0.0,0.0,340.0,0.0,0.0,0.0,NO MATCHING INVOICE,0.0,0.0,NO MATCHING INVOICE,0.0,Log_2_PDF,340.0,provincial_log,2,1000.0,435.0,0.4,0.435,0.0,800.0,50.0,0.0,1.0,0.5294117647058824,0.0,0.5294117647058824,0.4117647058823529,1.0,-0.5882352941176471,0.0,0.0,0.0,0.0,0.0,0.0,0.0,0.0,0.0,980.0,560.0,816.9444444444445,604.1388888888889,0.8673469387755102,0.6071428571428571,1.0404624277456647,0.5627844958388891
2022-02-28,nisku to grande prairie ,"Nisku, AB ",730600.0,731600.0,1000.0,1000.0,0.0,0.0,0.0,0.0,530.0,0.0,0.0,0.0,0.0,NO MATCHING INVOICE,0.0,0.0,NO MATCHING INVOICE,0.0,Log_2_PDF,530.0,provincial_log,2,1710.0,615.0,0.53,0.35964912280701755,0.0,1000.0,0.0,0.0,1.0,1.0,1.0,0.0,0.0,0.0,0.0,0.0,0.0,0.0,0.0,0.0,0.0,0.0,0.0,0.0,1020.0,548.0,827.9411764705883,585.1176470588235,0.9803921568627451,0.9671532846715328,1.2078152753108347,0.9058007439428973
2022-03-01,"Grande Prairie, AB ","Nisku, AB ",703370.0,704000.0,630.0,630.0,0.0,0.0,0.0,0.0,0.0,0.0,0.0,0.0,0.0,NO MATCHING INVOICE,0.0,0.0,NO MATCHING INVOICE,0.0,Log_2_PDF,615.0,provincial_log_nearby,1,1710.0,615.0,0.9761904761904762,0.35964912280701755,0.0,630.0,0.0,0.0,0.0,1.0,0.0,1.0,0.0,0.0,0.0,0.0,0.0,0.0,0.0,0.0,0.0,0.0,0.0,0.0,1060.0,544.0,837.5,582.0555555555555,0.5943396226415094,1.130514705882353,0.7522388059701492,1.056600171804906
2022-03-03,Fox Creek to Grande Prairie ,Nisku to Valleyview ,733470.0,734550.0,1080.0,1080.0,0.0,0.0,0.0,0.0,700.0,0.0,0.0,0.0,0.0,NO MATCHING INVOICE,0.0,0.0,NO MATCHING INVOICE,0.0,Log_2_PDF,700.0,provincial_log,2,500.0,694.0,0.6481481481481481,1.388,0.0,1080.0,0.0,1.0,0.0,1.0,1.0,0.0,0.0,0.0,0.0,0.0,0.0,0.0,0.0,0.0,0.0,0.0,0.0,0.0,895.0,481.25,838.5294117647059,572.4705882352941,1.2067039106145252,1.4545454545454546,1.2879691336373202,1.2227702424989724
2022-03-05,"Valemount, BC ","Nisku, AB ",772250.0,772750.0,500.0,450.0,50.0,0.0,0.0,0.0,688.0,0.0,0.0,0.0,0.0,NO MATCHING INVOICE,0.0,0.0,NO MATCHING INVOICE,0.0,Log_2_PDF,688.0,provincial_log,2,1050.0,669.0,1.376,0.6371428571428571,0.0,500.0,0.0,1.0,1.0,0.9,1.0,-0.09999999999999998,0.1,0.0,0.1,0.0,0.0,0.0,0.0,0.0,0.0,0.0,0.0,0.0,903.3333333333334,615.0,872.6470588235294,584.2352941176471,0.5535055350553505,1.1186991869918699,0.5729693292888439,1.1776077325815546
2022-03-14,nisku to grande prairie ,"Nisku, AB ",740600.0,741650.0,1050.0,1050.0,0.0,0.0,0.0,0.0,650.0,0.0,0.0,0.0,0.0,NO MATCHING INVOICE,0.0,0.0,NO MATCHING INVOICE,0.0,Log_2_PDF,650.0,provincial_log,2,1050.0,700.0,0.6190476190476191,0.6666666666666666,0.0,1050.0,0.0,0.0,1.0,1.0,1.0,0.0,0.0,0.0,0.0,0.0,0.0,0.0,0.0,0.0,0.0,0.0,0.0,0.0,0.0,0.0,882.0,584.8,1.0,1.0,1.1904761904761905,1.1114911080711356
2022-03-15,Nisku to Clairmont ,"Nisku, AB ",741650.0,742700.0,1050.0,1050.0,0.0,0.0,0.0,0.0,750.0,0.0,0.0,0.0,0.0,NO MATCHING INVOICE,0.0,0.0,NO MATCHING INVOICE,0.0,Log_2_PDF,750.0,provincial_log,2,880.0,675.0,0.7142857142857143,0.7670454545454546,0.0,1050.0,0.0,0.0,1.0,1.0,1.0,0.0,0.0,0.0,0.0,0.0,0.0,0.0,0.0,0.0,0.0,0.0,0.0,0.0,1050.0,650.0,892.5,588.875,1.0,1.1538461538461537,1.1764705882352942,1.2736149437486732
2022-03-16,Nisku to Hinton ,Red Deer to Nisku ,742700.0,743580.0,880.0,880.0,0.0,0.0,0.0,0.0,600.0,0.0,0.0,0.0,0.0,NO MATCHING INVOICE,0.0,0.0,NO MATCHING INVOICE,0.0,Log_2_PDF,600.0,provincial_log,2,770.0,465.0,0.6818181818181818,0.6038961038961039,0.0,880.0,0.0,0.0,1.0,1.0,1.0,0.0,0.0,0.0,0.0,0.0,0.0,0.0,0.0,0.0,0.0,0.0,0.0,0.0,1050.0,700.0,883.125,598.375,0.8380952380952381,0.8571428571428571,0.9964614295824487,1.0027156883225403
2022-03-17,"Nisku, AB ","Prince George, BC ",743580.0,744350.0,770.0,420.0,350.0,0.0,0.0,0.0,330.0,0.0,0.0,0.0,0.0,NO MATCHING INVOICE,0.0,0.0,NO MATCHING INVOICE,0.0,Log_2_PDF,330.0,provincial_log,2,950.0,440.0,0.42857142857142855,0.4631578947368421,0.0,770.0,0.0,0.0,1.0,0.5454545454545454,1.0,-0.4545454545454546,0.45454545454545453,0.0,0.45454545454545453,0.0,0.0,0.0,0.0,0.0,0.0,0.0,0.0,0.0,993.3333333333334,666.6666666666666,872.5,595.5,0.7751677852348993,0.49500000000000005,0.8825214899713467,0.5541561712846348
2022-03-18,"Prince George, BC ","Nisku, AB ",744350.0,745300.0,950.0,600.0,350.0,0.0,0.0,0.0,550.0,0.0,0.0,0.0,0.0,NO MATCHING INVOICE,0.0,0.0,NO MATCHING INVOICE,0.0,Log_2_PDF,550.0,provincial_log,2,1150.0,450.0,0.5789473684210527,0.391304347826087,0.0,950.0,0.0,0.0,1.0,0.631578947368421,1.0,-0.368421052631579,0.3684210526315789,0.0,0.3684210526315789,0.0,0.0,0.0,0.0,0.0,0.0,0.0,0.0,0.0,937.5,582.5,870.625,573.625,1.0133333333333334,0.944206008583691,1.0911701363962671,0.9588145565482676
2022-03-21,Nisku to Hinton ,Calgary to Nisku ,745300.0,746450.0,1150.0,1150.0,0.0,0.0,0.0,0.0,350.0,0.0,0.0,0.0,0.0,NO MATCHING INVOICE,0.0,0.0,NO MATCHING INVOICE,0.0,Log_2_PDF,350.0,provincial_log,2,1100.0,425.0,0.30434782608695654,0.38636363636363635,0.0,1150.0,0.0,0.0,1.0,1.0,1.0,0.0,0.0,0.0,0.0,0.0,0.0,0.0,0.0,0.0,0.0,0.0,0.0,0.0,940.0,576.0,929.2857142857143,582.3571428571429,1.2234042553191489,0.6076388888888888,1.2375096079938508,0.601005764749172
2022-03-22,Nisku to Clairmont ,Acheson to Clairmont ,746450.0,747550.0,1100.0,1100.0,0.0,0.0,0.0,0.0,500.0,0.0,0.0,0.0,0.0,NO MATCHING INVOICE,0.0,0.0,NO MATCHING INVOICE,0.0,Log_2_PDF,500.0,provincial_log,2,1100.0,500.0,0.45454545454545453,0.45454545454545453,0.0,1100.0,0.0,0.0,0.0,1.0,1.0,0.0,0.0,0.0,0.0,0.0,0.0,0.0,0.0,0.0,0.0,0.0,0.0,0.0,960.0,516.0,944.0,566.8666666666667,1.1458333333333333,0.9689922480620154,1.1652542372881356,0.8820416323650476
2022-03-23,Clairmont to Edm. ,Edm. to Clairmont ,747550.0,748650.0,1100.0,1100.0,0.0,0.0,0.0,0.0,500.0,0.0,0.0,0.0,0.0,NO MATCHING INVOICE,0.0,0.0,NO MATCHING INVOICE,0.0,Log_2_PDF,500.0,provincial_log,2,1100.0,525.0,0.45454545454545453,0.4772727272727273,0.0,1100.0,0.0,0.0,0.0,1.0,1.0,0.0,0.0,0.0,0.0,0.0,0.0,0.0,0.0,0.0,0.0,0.0,0.0,0.0,970.0,466.0,953.75,562.6875,1.134020618556701,1.0729613733905579,1.1533420707732633,0.8885926913251139
2022-03-24,Clairmont to Edm. ,Edm. to Clairmont ,748650.0,749750.0,1100.0,1100.0,0.0,0.0,0.0,0.0,550.0,0.0,0.0,0.0,0.0,NO MATCHING INVOICE,0.0,0.0,NO MATCHING INVOICE,0.0,Log_2_PDF,550.0,provincial_log,2,700.0,550.0,0.5,0.7857142857142857,0.0,1100.0,0.0,0.0,0.0,1.0,1.0,0.0,0.0,0.0,0.0,0.0,0.0,0.0,0.0,0.0,0.0,0.0,0.0,0.0,1014.0,446.0,972.5,559.5625,1.0848126232741617,1.2331838565022422,1.1311053984575836,0.9829107561711158
2022-03-25,Clairmont to Edm. ,"Nisku, AB ",749750.0,750450.0,700.0,700.0,0.0,0.0,0.0,0.0,550.0,0.0,0.0,0.0,0.0,NO MATCHING INVOICE,0.0,0.0,NO MATCHING INVOICE,0.0,Log_2_PDF,550.0,provincial_log,2,900.0,550.0,0.7857142857142857,0.6111111111111112,0.0,700.0,0.0,0.0,1.0,1.0,1.0,0.0,0.0,0.0,0.0,0.0,0.0,0.0,0.0,0.0,0.0,0.0,0.0,0.0,1080.0,490.0,969.375,548.3125,0.6481481481481481,1.1224489795918366,0.7221147646679562,1.0030776245298074
2022-03-28,"Nisku, AB ","Kamloops, BC ",750450.0,751350.0,900.0,450.0,450.0,0.0,0.0,0.0,550.0,0.0,0.0,0.0,0.0,NO MATCHING INVOICE,0.0,0.0,NO MATCHING INVOICE,0.0,Log_2_PDF,550.0,provincial_log,2,1030.0,525.0,0.6111111111111112,0.5097087378640777,0.0,900.0,0.0,0.0,1.0,0.5,1.0,-0.5,0.5,0.0,0.5,0.0,0.0,0.0,0.0,0.0,0.0,0.0,0.0,0.0,1030.0,490.0,932.8571428571429,561.6428571428571,0.8737864077669902,1.1224489795918366,0.9647779479326186,0.9792699987282208
2022-03-29,Kamloops to Surrey ,"Valemount, BC ",751350.0,752380.0,1030.0,0.0,1030.0,0.0,0.0,0.0,0.0,500.0,0.0,0.0,0.0,NO MATCHING INVOICE,0.0,0.0,NO MATCHING INVOICE,0.0,Log_2_PDF,500.0,provincial_log,2,600.0,595.0,0.4854368932038835,0.9916666666666667,0.0,1030.0,0.0,0.0,0.0,0.0,0.0,0.0,1.0,1.0,0.0,0.0,0.0,0.0,0.0,0.0,0.0,0.0,0.0,0.0,980.0,530.0,930.6666666666666,560.8666666666667,1.0510204081632653,0.9433962264150944,1.106733524355301,0.8914774753357898
2022-03-30,"Valemount, BC ","Nisku, AB ",752380.0,752980.0,600.0,500.0,100.0,0.0,0.0,0.0,690.0,0.0,0.0,0.0,0.0,NO MATCHING INVOICE,0.0,0.0,NO MATCHING INVOICE,0.0,Log_2_PDF,690.0,provincial_log,2,2670.0,826.5,1.15,0.3095505617977528,0.0,600.0,0.0,0.0,1.0,0.8333333333333334,1.0,-0.16666666666666663,0.16666666666666666,0.0,0.16666666666666666,0.0,0.0,0.0,0.0,0.0,0.0,0.0,0.0,0.0,966.0,530.0,936.875,557.0625,0.6211180124223602,1.3018867924528301,0.6404269513008672,1.2386401884887244
2022-03-31,"Nisku, AB ","Kelowna, BC ",752980.0,754000.0,1020.0,520.0,500.0,0.0,0.0,0.0,0.0,0.0,0.0,0.0,0.0,NO MATCHING INVOICE,0.0,0.0,NO MATCHING INVOICE,0.0,Log_2_PDF,826.5,provincial_log_nearby,1,2670.0,826.5,0.8102941176470588,0.3095505617977528,0.0,1020.0,0.0,0.0,1.0,0.5098039215686274,0.0,0.5098039215686274,0.49019607843137253,0.0,0.49019607843137253,0.0,0.0,0.0,0.0,0.0,0.0,0.0,0.0,0.0,866.0,568.0,911.875,567.0625,1.1778290993071594,1.455105633802817,1.1185743660041123,1.4575112972555935
2022-04-03,"Valleyview, AB ",Chetwynd to Nisku ,734550.0,735650.0,1100.0,750.0,350.0,0.0,0.0,0.0,0.0,0.0,0.0,0.0,0.0,NO MATCHING INVOICE,0.0,0.0,NO MATCHING INVOICE,0.0,Log_2_PDF,826.5,provincial_log_nearby,1,2670.0,826.5,0.7513636363636363,0.3095505617977528,0.0,1100.0,0.0,0.0,1.0,0.6818181818181818,0.0,0.6818181818181818,0.3181818181818182,0.0,0.3181818181818182,0.0,0.0,0.0,0.0,0.0,0.0,0.0,0.0,0.0,887.5,641.625,926.6666666666666,572.3,1.2394366197183098,1.2881355932203389,1.1870503597122302,1.4441726367289884
2022-04-04,"Nisku, AB ","Clairmont, AB ",755050.0,755600.0,550.0,550.0,0.0,0.0,0.0,0.0,963.0,0.0,0.0,0.0,0.0,NO MATCHING INVOICE,0.0,0.0,NO MATCHING INVOICE,0.0,Log_2_PDF,963.0,provincial_log,2,2000.0,731.5,1.750909090909091,0.36575,0.0,550.0,0.0,1.0,0.0,1.0,1.0,0.0,0.0,0.0,0.0,0.0,0.0,0.0,0.0,0.0,0.0,0.0,0.0,0.0,930.0,678.6,937.5,588.1875,0.5913978494623656,1.4190981432360743,0.5866666666666667,1.637233025183296
2022-04-05,nisku to grande prairie ,"Nisku, AB ",772750.0,773800.0,1050.0,1050.0,0.0,0.0,0.0,0.0,0.0,0.0,0.0,0.0,0.0,NO MATCHING INVOICE,0.0,0.0,NO MATCHING INVOICE,0.0,Log_2_PDF,731.5,provincial_log_nearby,1,2000.0,731.5,0.6966666666666667,0.36575,0.0,1050.0,0.0,1.0,1.0,1.0,0.0,1.0,0.0,0.0,0.0,0.0,0.0,0.0,0.0,0.0,0.0,0.0,0.0,0.0,860.0,761.2,940.625,605.375,1.2209302325581395,0.9609826589595375,1.1162790697674418,1.208341936816023
2022-04-13,"Kelowna, BC ","Nisku, AB ",760850.0,761800.0,950.0,450.0,500.0,0.0,0.0,0.0,500.0,0.0,0.0,0.0,0.0,NO MATCHING INVOICE,0.0,0.0,NO MATCHING INVOICE,0.0,Log_2_PDF,500.0,provincial_log,2,1650.0,450.0,0.5263157894736842,0.2727272727272727,0.0,950.0,0.0,0.0,1.0,0.47368421052631576,1.0,-0.5263157894736843,0.5263157894736842,0.0,0.5263157894736842,0.0,0.0,0.0,0.0,0.0,0.0,0.0,0.0,0.0,0.0,0.0,947.0588235294117,612.7941176470588,1.0,1.0,1.0031055900621118,0.8159347252219823
2022-04-14,"Nisku, AB ","Prince George, BC ",761800.0,762600.0,800.0,450.0,350.0,0.0,0.0,0.0,0.0,0.0,0.0,0.0,0.0,NO MATCHING INVOICE,0.0,0.0,NO MATCHING INVOICE,0.0,Log_2_PDF,450.0,provincial_log_nearby,1,1650.0,450.0,0.5625,0.2727272727272727,0.0,800.0,0.0,0.0,1.0,0.5625,0.0,0.5625,0.4375,0.0,0.4375,0.0,0.0,0.0,0.0,0.0,0.0,0.0,0.0,0.0,950.0,500.0,941.1764705882352,603.9705882352941,0.8421052631578947,0.9,0.8500000000000001,0.7450693937180424
2022-04-15,"Prince George, BC ","Nisku, AB ",762600.0,763450.0,850.0,500.0,350.0,0.0,0.0,0.0,0.0,400.0,0.0,0.0,0.0,NO MATCHING INVOICE,0.0,0.0,NO MATCHING INVOICE,0.0,Log_2_PDF,400.0,provincial_log,2,700.0,505.0,0.47058823529411764,0.7214285714285714,0.0,850.0,0.0,0.0,1.0,0.5882352941176471,0.0,0.5882352941176471,0.4117647058823529,1.0,-0.5882352941176471,0.0,0.0,0.0,0.0,0.0,0.0,0.0,0.0,0.0,875.0,475.0,926.4705882352941,586.3235294117648,0.9714285714285714,0.8421052631578947,0.9174603174603174,0.6822172059192375
2022-04-18,"Nisku, AB ","Fort St. Jhon, BC ",763450.0,764150.0,700.0,550.0,150.0,0.0,0.0,0.0,610.0,0.0,0.0,0.0,0.0,NO MATCHING INVOICE,0.0,0.0,NO MATCHING INVOICE,0.0,Log_2_PDF,610.0,provincial_log,2,750.0,580.0,0.8714285714285714,0.7733333333333333,0.0,700.0,0.0,0.0,1.0,0.7857142857142857,1.0,-0.2142857142857143,0.21428571428571427,0.0,0.21428571428571427,0.0,0.0,0.0,0.0,0.0,0.0,0.0,0.0,0.0,866.6666666666666,450.0,933.3333333333334,592.5,0.8076923076923077,1.3555555555555556,0.75,1.029535864978903
2022-04-19,"Fort St. Jhon, BC ","Nisku, AB ",764150.0,764900.0,750.0,600.0,150.0,0.0,0.0,0.0,550.0,0.0,0.0,0.0,0.0,NO MATCHING INVOICE,0.0,0.0,NO MATCHING INVOICE,0.0,Log_2_PDF,550.0,provincial_log,2,1050.0,495.0,0.7333333333333333,0.4714285714285714,0.0,750.0,0.0,0.0,1.0,0.8,1.0,-0.19999999999999996,0.2,0.0,0.2,0.0,0.0,0.0,0.0,0.0,0.0,0.0,0.0,0.0,825.0,490.0,918.75,593.59375,0.9090909090909091,1.1224489795918366,0.8163265306122449,0.9265596209528824
2022-04-20,Nisku to Manning ,"Chetwynd, BC ",764900.0,765950.0,1050.0,900.0,150.0,0.0,0.0,0.0,440.0,0.0,0.0,0.0,0.0,NO MATCHING INVOICE,0.0,0.0,NO MATCHING INVOICE,0.0,Log_2_PDF,440.0,provincial_log,2,1100.0,395.0,0.41904761904761906,0.35909090909090907,0.0,1050.0,0.0,0.0,1.0,0.8571428571428571,1.0,-0.1428571428571429,0.14285714285714285,0.0,0.14285714285714285,0.0,0.0,0.0,0.0,0.0,0.0,0.0,0.0,0.0,810.0,502.0,908.8235294117648,591.0294117647059,1.2962962962962963,0.8764940239043825,1.1553398058252426,0.744463796964419
2022-04-21,"Chetwynd to PG, BC ","Nisku, AB ",765950.0,767050.0,1100.0,500.0,600.0,0.0,0.0,0.0,0.0,350.0,0.0,0.0,0.0,NO MATCHING INVOICE,0.0,0.0,NO MATCHING INVOICE,0.0,Log_2_PDF,350.0,provincial_log,2,1220.0,545.0,0.3181818181818182,0.44672131147540983,0.0,1100.0,0.0,0.0,1.0,0.45454545454545453,0.0,0.45454545454545453,0.5454545454545454,1.0,-0.4545454545454546,0.0,0.0,0.0,0.0,0.0,0.0,0.0,0.0,0.0,830.0,490.0,902.9411764705883,596.3235294117648,1.3253012048192772,0.7142857142857143,1.2182410423452767,0.5869297163995068
2022-04-22,"Nisku, AB ","Nisku, AB ",767050.0,767170.0,120.0,120.0,0.0,0.0,0.0,0.0,0.0,0.0,0.0,0.0,0.0,NO MATCHING INVOICE,0.0,0.0,NO MATCHING INVOICE,0.0,Log_2_PDF,545.0,provincial_log_nearby,1,1220.0,545.0,4.541666666666667,0.44672131147540983,0.0,120.0,0.0,0.0,0.0,1.0,0.0,1.0,0.0,0.0,0.0,0.0,0.0,0.0,0.0,0.0,0.0,0.0,0.0,0.0,890.0,470.0,902.9411764705883,587.5,0.1348314606741573,1.1595744680851063,0.13289902280130292,0.9276595744680851
2022-04-24,"Nisku, AB ","Agassiz, BC ",767170.0,768270.0,1100.0,500.0,600.0,0.0,0.0,0.0,740.0,0.0,0.0,0.0,0.0,NO MATCHING INVOICE,0.0,0.0,NO MATCHING INVOICE,0.0,Log_2_PDF,740.0,provincial_log,2,1000.0,637.5,0.6727272727272727,0.6375,0.0,1100.0,0.0,0.0,1.0,0.45454545454545453,1.0,-0.5454545454545454,0.5454545454545454,0.0,0.5454545454545454,0.0,0.0,0.0,0.0,0.0,0.0,0.0,0.0,0.0,744.0,499.0,829.375,592.65625,1.478494623655914,1.4829659318637274,1.3262999246420497,1.2486158713419457
2022-04-25,"Agassiz, BC ","Hinton, AB ",768270.0,769270.0,1000.0,800.0,200.0,0.0,0.0,0.0,0.0,535.0,0.0,0.0,0.0,NO MATCHING INVOICE,0.0,0.0,NO MATCHING INVOICE,0.0,Log_2_PDF,535.0,provincial_log,2,1050.0,567.5,0.535,0.5404761904761904,0.0,1000.0,0.0,0.0,1.0,0.8,0.0,0.8,0.2,1.0,-0.8,0.0,0.0,0.0,0.0,0.0,0.0,0.0,0.0,0.0,803.3333333333334,539.1666666666666,854.375,604.53125,1.2448132780082988,0.9922720247295209,1.1704462326261886,0.8849831997932283
2022-04-26,"Hinton to GP, AB ","Nisku, AB ",769270.0,770320.0,1050.0,1050.0,0.0,0.0,0.0,0.0,600.0,0.0,0.0,0.0,0.0,NO MATCHING INVOICE,0.0,0.0,NO MATCHING INVOICE,0.0,Log_2_PDF,600.0,provincial_log,2,1195.0,631.0,0.5714285714285714,0.5280334728033472,0.0,1050.0,0.0,0.0,0.0,1.0,1.0,0.0,0.0,0.0,0.0,0.0,0.0,0.0,0.0,0.0,0.0,0.0,0.0,0.0,853.3333333333334,526.6666666666666,862.9411764705883,600.4411764705883,1.23046875,1.139240506329114,1.2167689161554192,0.9992652461425422
2022-04-28,"Nisku, AB ","Abbotsford, BC ",770320.0,771515.0,1195.0,530.0,665.0,0.0,0.0,0.0,662.0,0.0,0.0,0.0,0.0,NO MATCHING INVOICE,0.0,0.0,NO MATCHING INVOICE,0.0,Log_2_PDF,662.0,provincial_log,2,1580.0,676.0,0.5539748953974896,0.4278481012658228,0.0,1195.0,0.0,0.0,0.0,0.4435146443514644,1.0,-0.5564853556485356,0.5564853556485355,0.0,0.5564853556485355,0.0,0.0,0.0,0.0,0.0,0.0,0.0,0.0,0.0,874.0,554.0,871.7647058823529,603.3823529411765,1.3672768878718535,1.1949458483754514,1.370782726045884,1.0971484279795272
2022-05-04,"Clairmont to FSJ, BC ","Nisku, AB ",755600.0,756550.0,950.0,650.0,300.0,0.0,0.0,0.0,0.0,0.0,0.0,0.0,0.0,NO MATCHING INVOICE,0.0,0.0,NO MATCHING INVOICE,0.0,Log_2_PDF,676.0,provincial_log_nearby,1,1580.0,676.0,0.7115789473684211,0.4278481012658228,0.0,950.0,0.0,0.0,1.0,0.6842105263157895,0.0,0.6842105263157895,0.3157894736842105,0.0,0.3157894736842105,0.0,0.0,0.0,0.0,0.0,0.0,0.0,0.0,0.0,1195.0,662.0,876.0714285714286,576.8928571428571,0.7949790794979079,1.0211480362537764,1.084386465552385,1.1717947130563982
2022-05-05,"Nisku, AB ","Dawson Creek, BC ",773800.0,774430.0,630.0,550.0,80.0,0.0,0.0,0.0,690.0,0.0,0.0,0.0,0.0,NO MATCHING INVOICE,0.0,0.0,NO MATCHING INVOICE,0.0,Log_2_PDF,690.0,provincial_log,2,1700.0,645.0,1.0952380952380953,0.37941176470588234,0.0,630.0,0.0,1.0,1.0,0.873015873015873,1.0,-0.12698412698412698,0.12698412698412698,0.0,0.12698412698412698,0.0,0.0,0.0,0.0,0.0,0.0,0.0,0.0,0.0,1072.5,669.0,904.6428571428571,556.3928571428571,0.5874125874125874,1.031390134529148,0.6964074220292144,1.2401309455035625
2022-05-15,"Nisku, AB ","Prince George, BC ",778950.0,779750.0,800.0,450.0,350.0,0.0,0.0,0.0,0.0,0.0,0.0,0.0,0.0,NO MATCHING INVOICE,0.0,0.0,NO MATCHING INVOICE,0.0,Log_2_PDF,645.0,provincial_log_nearby,1,1700.0,645.0,0.80625,0.37941176470588234,0.0,800.0,0.0,1.0,1.0,0.5625,0.0,0.5625,0.4375,0.0,0.4375,0.0,0.0,0.0,0.0,0.0,0.0,0.0,0.0,0.0,0.0,0.0,874.5833333333334,566.5,1.0,1.0,0.914721295855169,1.1385701676963813
2022-05-16,"Prince George, BC ","Nisku, AB ",779750.0,780650.0,900.0,550.0,350.0,0.0,0.0,0.0,0.0,600.0,0.0,0.0,0.0,NO MATCHING INVOICE,0.0,0.0,NO MATCHING INVOICE,0.0,Log_2_PDF,600.0,provincial_log,2,430.0,640.0,0.6666666666666666,1.4883720930232558,0.0,900.0,0.0,0.0,1.0,0.6111111111111112,0.0,0.6111111111111112,0.3888888888888889,1.0,-0.6111111111111112,0.0,0.0,0.0,0.0,0.0,0.0,0.0,0.0,0.0,800.0,645.0,870.4166666666666,586.9166666666666,1.125,0.9302325581395349,1.0339875538535184,1.022291637086469
2022-05-20,Nisku to Whitecourt ,"Nisku, AB ",780650.0,781080.0,430.0,430.0,0.0,0.0,0.0,0.0,680.0,0.0,0.0,0.0,0.0,NO MATCHING INVOICE,0.0,0.0,NO MATCHING INVOICE,0.0,Log_2_PDF,680.0,provincial_log,2,770.0,465.0,1.5813953488372092,0.6038961038961039,0.0,430.0,0.0,0.0,1.0,1.0,1.0,0.0,0.0,0.0,0.0,0.0,0.0,0.0,0.0,0.0,0.0,0.0,0.0,0.0,850.0,622.5,899.5454545454545,589.3636363636364,0.5058823529411764,1.0923694779116466,0.4780192016169783,1.1537868270862255
2022-05-23,"Nisku, AB ","Chetwynd, BC ",781080.0,781850.0,770.0,600.0,170.0,0.0,0.0,0.0,250.0,0.0,0.0,0.0,0.0,NO MATCHING INVOICE,0.0,0.0,NO MATCHING INVOICE,0.0,Log_2_PDF,250.0,provincial_log,2,850.0,437.0,0.3246753246753247,0.5141176470588236,0.0,770.0,0.0,0.0,1.0,0.7792207792207793,1.0,-0.22077922077922074,0.22077922077922077,0.0,0.22077922077922077,0.0,0.0,0.0,0.0,0.0,0.0,0.0,0.0,0.0,665.0,640.0,895.0,647.5555555555555,1.1578947368421053,0.390625,0.8603351955307262,0.3860672614962251
2022-05-24,"Chetwynd, BC ","Nisku, AB ",781850.0,782700.0,850.0,650.0,200.0,0.0,0.0,0.0,624.0,0.0,0.0,0.0,0.0,NO MATCHING INVOICE,0.0,0.0,NO MATCHING INVOICE,0.0,Log_2_PDF,624.0,provincial_log,2,1630.0,622.0,0.7341176470588235,0.3815950920245399,0.0,850.0,0.0,0.0,1.0,0.7647058823529411,1.0,-0.23529411764705888,0.23529411764705882,0.0,0.23529411764705882,0.0,0.0,0.0,0.0,0.0,0.0,0.0,0.0,0.0,600.0,465.0,882.5,607.8,1.4166666666666667,1.3419354838709678,0.9631728045325779,1.026653504442251
2022-05-25,"Nisku, AB ","Hope, BC ",782700.0,783750.0,1050.0,450.0,600.0,0.0,0.0,0.0,0.0,0.0,0.0,0.0,0.0,NO MATCHING INVOICE,0.0,0.0,NO MATCHING INVOICE,0.0,Log_2_PDF,622.0,provincial_log_nearby,1,1630.0,622.0,0.5923809523809523,0.3815950920245399,0.0,1050.0,0.0,0.0,1.0,0.42857142857142855,0.0,0.42857142857142855,0.5714285714285714,0.0,0.5714285714285714,0.0,0.0,0.0,0.0,0.0,0.0,0.0,0.0,0.0,683.3333333333334,518.0,857.5,596.2,1.5365853658536583,1.2007722007722008,1.2244897959183674,1.0432740691043274
2022-05-26,Hope to Surrey ,"Barriere, BC ",783750.0,784330.0,580.0,0.0,580.0,0.0,0.0,0.0,0.0,620.0,0.0,0.0,0.0,NO MATCHING INVOICE,0.0,0.0,NO MATCHING INVOICE,0.0,Log_2_PDF,620.0,provincial_log,2,1050.0,610.0,1.0689655172413792,0.580952380952381,0.0,580.0,0.0,0.0,0.0,0.0,0.0,0.0,1.0,1.0,0.0,0.0,0.0,0.0,0.0,0.0,0.0,0.0,0.0,0.0,775.0,544.0,862.5,604.9,0.7483870967741936,1.1397058823529411,0.672463768115942,1.024962803769218
2022-05-27,Barrier to Lacombe ,"Nisku, AB ",784330.0,785380.0,1050.0,750.0,300.0,0.0,0.0,0.0,600.0,0.0,0.0,0.0,0.0,NO MATCHING INVOICE,0.0,0.0,NO MATCHING INVOICE,0.0,Log_2_PDF,600.0,provincial_log,2,1050.0,455.0,0.5714285714285714,0.43333333333333335,0.0,1050.0,0.0,0.0,1.0,0.7142857142857143,1.0,-0.2857142857142857,0.2857142857142857,0.0,0.2857142857142857,0.0,0.0,0.0,0.0,0.0,0.0,0.0,0.0,0.0,736.0,559.2,815.5,606.9,1.4266304347826086,1.0729613733905579,1.2875536480686696,0.9886307464162136
2022-05-30,"Nisku, AB ","Hope, BC ",785380.0,786430.0,1050.0,450.0,600.0,0.0,0.0,0.0,310.0,0.0,0.0,0.0,0.0,NO MATCHING INVOICE,0.0,0.0,NO MATCHING INVOICE,0.0,Log_2_PDF,310.0,provincial_log,2,840.0,455.0,0.29523809523809524,0.5416666666666666,0.0,1050.0,0.0,0.0,1.0,0.42857142857142855,1.0,-0.5714285714285714,0.5714285714285714,0.0,0.5714285714285714,0.0,0.0,0.0,0.0,0.0,0.0,0.0,0.0,0.0,860.0,543.2,801.0,600.7,1.2209302325581395,0.5706921944035346,1.3108614232209739,0.5160645913101382
2022-05-31,Hope to Surrey ,"Valemount, BC ",786430.0,787270.0,840.0,0.0,840.0,0.0,0.0,0.0,0.0,600.0,0.0,0.0,0.0,NO MATCHING INVOICE,0.0,0.0,NO MATCHING INVOICE,0.0,Log_2_PDF,600.0,provincial_log,2,1070.0,575.0,0.7142857142857143,0.5373831775700935,0.0,840.0,0.0,0.0,0.0,0.0,0.0,0.0,1.0,1.0,0.0,0.0,0.0,0.0,0.0,0.0,0.0,0.0,0.0,0.0,916.0,555.2,823.6363636363636,574.2727272727273,0.9170305676855895,1.0806916426512967,1.0198675496688743,1.044799746715213
2022-06-02,"Nisku, AB ","Kelowna, BC ",716080.0,717150.0,1070.0,500.0,570.0,0.0,0.0,0.0,550.0,0.0,0.0,0.0,0.0,NO MATCHING INVOICE,0.0,0.0,NO MATCHING INVOICE,0.0,Log_2_PDF,550.0,provincial_log,2,1970.0,525.0,0.514018691588785,0.26649746192893403,0.0,1070.0,0.0,0.0,1.0,0.4672897196261682,1.0,-0.5327102803738317,0.5327102803738317,0.0,0.5327102803738317,0.0,0.0,0.0,0.0,0.0,0.0,0.0,0.0,0.0,880.0,532.5,825.0,576.4166666666666,1.2159090909090908,1.0328638497652582,1.2969696969696969,0.9541708833309239
2022-06-04,Nisku to prince george ,"Jasper, AB ",756550.0,757700.0,1150.0,500.0,650.0,0.0,0.0,0.0,0.0,0.0,0.0,0.0,0.0,NO MATCHING INVOICE,0.0,0.0,NO MATCHING INVOICE,0.0,Log_2_PDF,525.0,provincial_log_nearby,1,1970.0,525.0,0.45652173913043476,0.26649746192893403,0.0,1150.0,0.0,1.0,1.0,0.43478260869565216,0.0,0.43478260869565216,0.5652173913043478,0.0,0.5652173913043478,0.0,0.0,0.0,0.0,0.0,0.0,0.0,0.0,0.0,986.6666666666666,486.6666666666667,835.0,565.9166666666666,1.1655405405405406,1.0787671232876712,1.377245508982036,0.9276984243852158
2022-06-05,"Fort St. Jhon, BC ","Nisku, AB ",774430.0,775250.0,820.0,600.0,220.0,0.0,0.0,0.0,500.0,0.0,0.0,0.0,0.0,NO MATCHING INVOICE,0.0,0.0,NO MATCHING INVOICE,0.0,Log_2_PDF,500.0,provincial_log,2,150.0,440.0,0.6097560975609756,2.933333333333333,0.0,820.0,0.0,1.0,1.0,0.7317073170731707,1.0,-0.2682926829268293,0.2682926829268293,0.0,0.2682926829268293,0.0,0.0,0.0,0.0,0.0,0.0,0.0,0.0,0.0,1027.5,496.25,878.3333333333334,552.1666666666666,0.7980535279805353,1.0075566750629723,0.9335863377609108,0.9055236945366738
2022-06-06,Nisku to Spruce Grove ,"Nisku, AB ",788100.0,788250.0,150.0,150.0,0.0,0.0,0.0,0.0,380.0,0.0,0.0,0.0,0.0,NO MATCHING INVOICE,0.0,0.0,NO MATCHING INVOICE,0.0,Log_2_PDF,380.0,provincial_log,2,850.0,400.0,2.533333333333333,0.47058823529411764,0.0,150.0,0.0,1.0,1.0,1.0,1.0,0.0,0.0,0.0,0.0,0.0,0.0,0.0,0.0,0.0,0.0,0.0,0.0,0.0,986.0,497.0,873.8461538461538,548.1538461538462,0.15212981744421908,0.7645875251509054,0.17165492957746478,0.6932360370474319
2022-06-14,"Nisku, AB ","Prince George, BC ",792200.0,793050.0,850.0,500.0,350.0,0.0,0.0,0.0,420.0,0.0,0.0,0.0,0.0,NO MATCHING INVOICE,0.0,0.0,NO MATCHING INVOICE,0.0,Log_2_PDF,420.0,provincial_log,2,820.0,531.0,0.49411764705882355,0.6475609756097561,0.0,850.0,0.0,1.0,1.0,0.5882352941176471,1.0,-0.4117647058823529,0.4117647058823529,0.0,0.4117647058823529,0.0,0.0,0.0,0.0,0.0,0.0,0.0,0.0,0.0,0.0,0.0,822.1428571428571,536.1428571428571,1.0,1.0,1.0338835794960903,0.7833733013589129
2022-06-15,"Prince George, BC ","Nisku, AB ",793050.0,793870.0,820.0,470.0,350.0,0.0,0.0,0.0,642.0,0.0,0.0,0.0,0.0,NO MATCHING INVOICE,0.0,0.0,NO MATCHING INVOICE,0.0,Log_2_PDF,642.0,provincial_log,2,1350.0,521.0,0.7829268292682927,0.38592592592592595,0.0,820.0,0.0,0.0,1.0,0.573170731707317,1.0,-0.426829268292683,0.4268292682926829,0.0,0.4268292682926829,0.0,0.0,0.0,0.0,0.0,0.0,0.0,0.0,0.0,850.0,420.0,825.7142857142857,520.0714285714286,0.9647058823529412,1.5285714285714285,0.9930795847750865,1.2344458178821591
2022-06-16,"Nisku to Fort Sask, ","Nisku, AB ",793870.0,794270.0,400.0,400.0,0.0,0.0,0.0,0.0,0.0,0.0,0.0,0.0,0.0,NO MATCHING INVOICE,0.0,0.0,NO MATCHING INVOICE,0.0,Log_2_PDF,521.0,provincial_log_nearby,1,1350.0,521.0,1.3025,0.38592592592592595,0.0,400.0,0.0,0.0,1.0,1.0,0.0,1.0,0.0,0.0,0.0,0.0,0.0,0.0,0.0,0.0,0.0,0.0,0.0,0.0,835.0,531.0,820.0,523.0714285714286,0.47904191616766467,0.9811676082862524,0.4878048780487805,0.9960398743684282
2022-06-19,"Nisku, AB ","Prince George, BC ",794270.0,795220.0,950.0,550.0,400.0,0.0,0.0,0.0,400.0,0.0,0.0,0.0,0.0,NO MATCHING INVOICE,0.0,0.0,NO MATCHING INVOICE,0.0,Log_2_PDF,400.0,provincial_log,2,980.0,525.0,0.42105263157894735,0.5357142857142857,0.0,950.0,0.0,0.0,1.0,0.5789473684210527,1.0,-0.42105263157894735,0.42105263157894735,0.0,0.42105263157894735,0.0,0.0,0.0,0.0,0.0,0.0,0.0,0.0,0.0,690.0,527.6666666666666,792.0,522.9333333333333,1.3768115942028984,0.7580543272267847,1.1994949494949494,0.764915859255482
2022-06-20,"Prince George, BC ","Nisku, AB ",795220.0,796200.0,980.0,580.0,400.0,0.0,0.0,0.0,650.0,0.0,0.0,0.0,0.0,NO MATCHING INVOICE,0.0,0.0,NO MATCHING INVOICE,0.0,Log_2_PDF,650.0,provincial_log,2,1050.0,600.0,0.6632653061224489,0.5714285714285714,0.0,980.0,0.0,0.0,1.0,0.5918367346938775,1.0,-0.40816326530612246,0.40816326530612246,0.0,0.40816326530612246,0.0,0.0,0.0,0.0,0.0,0.0,0.0,0.0,0.0,755.0,495.75,826.6666666666666,504.26666666666665,1.2980132450331126,1.3111447302067574,1.185483870967742,1.2890005288207298
2022-06-21,"Nisku to GP, AB ","Nisku, AB ",796200.0,797250.0,1050.0,1050.0,0.0,0.0,0.0,0.0,550.0,0.0,0.0,0.0,0.0,NO MATCHING INVOICE,0.0,0.0,NO MATCHING INVOICE,0.0,Log_2_PDF,550.0,provincial_log,2,1400.0,560.0,0.5238095238095238,0.4,0.0,1050.0,0.0,0.0,0.0,1.0,1.0,0.0,0.0,0.0,0.0,0.0,0.0,0.0,0.0,0.0,0.0,0.0,0.0,0.0,800.0,526.6,836.25,513.375,1.3125,1.044436004557539,1.2556053811659194,1.0713416118821524
2022-06-22,Nisku to Fox Creek ,"Nisku, AB ",797250.0,797850.0,600.0,600.0,0.0,0.0,0.0,0.0,0.0,0.0,0.0,0.0,0.0,NO MATCHING INVOICE,0.0,0.0,NO MATCHING INVOICE,0.0,Log_2_PDF,560.0,provincial_log_nearby,1,1400.0,560.0,0.9333333333333333,0.4,0.0,600.0,0.0,0.0,1.0,1.0,0.0,1.0,0.0,0.0,0.0,0.0,0.0,0.0,0.0,0.0,0.0,0.0,0.0,0.0,840.0,552.6,848.8235294117648,515.5294117647059,0.7142857142857143,1.0133912414042707,0.7068607068607068,1.086261980830671
2022-06-23,"Nisku, AB ","Chetwynd, BC ",797850.0,798650.0,800.0,650.0,150.0,0.0,0.0,0.0,570.0,0.0,0.0,0.0,0.0,NO MATCHING INVOICE,0.0,0.0,NO MATCHING INVOICE,0.0,Log_2_PDF,570.0,provincial_log,2,850.0,607.5,0.7125,0.7147058823529412,0.0,800.0,0.0,0.0,1.0,0.8125,1.0,-0.1875,0.1875,0.0,0.1875,0.0,0.0,0.0,0.0,0.0,0.0,0.0,0.0,0.0,796.0,536.2,838.8235294117648,533.7647058823529,1.0050251256281406,1.063036180529653,0.9537166900420757,1.0678862684593344
2022-06-24,"Chetwynd, BC ","Nisku, AB ",798650.0,799500.0,850.0,650.0,200.0,0.0,0.0,0.0,645.0,0.0,0.0,0.0,0.0,NO MATCHING INVOICE,0.0,0.0,NO MATCHING INVOICE,0.0,Log_2_PDF,645.0,provincial_log,2,1550.0,547.5,0.7588235294117647,0.3532258064516129,0.0,850.0,0.0,0.0,1.0,0.7647058823529411,1.0,-0.23529411764705888,0.23529411764705882,0.0,0.23529411764705882,0.0,0.0,0.0,0.0,0.0,0.0,0.0,0.0,0.0,876.0,546.0,835.8823529411765,530.5882352941177,0.9703196347031964,1.1813186813186813,1.0168895144264603,1.2156319290465631
2022-06-26,"Nisku, AB ","Prince George, BC ",799500.0,800250.0,750.0,400.0,350.0,0.0,0.0,0.0,0.0,0.0,0.0,0.0,0.0,NO MATCHING INVOICE,0.0,0.0,NO MATCHING INVOICE,0.0,Log_2_PDF,547.5,provincial_log_nearby,1,1550.0,547.5,0.73,0.3532258064516129,0.0,750.0,0.0,0.0,1.0,0.5333333333333333,0.0,0.5333333333333333,0.4666666666666667,0.0,0.4666666666666667,0.0,0.0,0.0,0.0,0.0,0.0,0.0,0.0,0.0,871.6666666666666,562.5,839.375,526.4375,0.8604206500956023,0.9733333333333334,0.8935219657483247,1.040009497803633
2022-06-27,"Prince George, BC ","Kamloops, BC ",800250.0,801050.0,800.0,0.0,800.0,0.0,0.0,0.0,0.0,450.0,0.0,0.0,0.0,NO MATCHING INVOICE,0.0,0.0,NO MATCHING INVOICE,0.0,Log_2_PDF,450.0,provincial_log,2,650.0,475.0,0.5625,0.7307692307692307,0.0,800.0,0.0,0.0,0.0,0.0,0.0,0.0,1.0,1.0,0.0,0.0,0.0,0.0,0.0,0.0,0.0,0.0,0.0,0.0,838.3333333333334,587.0833333333334,820.625,523.15625,0.9542743538767395,0.7665010645848118,0.9748667174409749,0.8601636700316588
2022-06-28,"coldstream, BC ","Abbotsford, BC ",801050.0,801700.0,650.0,0.0,650.0,0.0,0.0,0.0,0.0,500.0,0.0,0.0,0.0,NO MATCHING INVOICE,0.0,0.0,NO MATCHING INVOICE,0.0,Log_2_PDF,500.0,provincial_log,2,1280.0,600.0,0.7692307692307693,0.46875,0.0,650.0,0.0,0.0,1.0,0.0,0.0,0.0,1.0,1.0,0.0,0.0,0.0,0.0,0.0,0.0,0.0,0.0,0.0,0.0,808.3333333333334,553.75,819.4117647058823,518.8529411764706,0.8041237113402061,0.9029345372460497,0.7932519741564968,0.9636641913723711
2022-06-29,"Abbotsford, BC ","Valemount, BC ",801700.0,802330.0,630.0,0.0,630.0,0.0,0.0,0.0,0.0,0.0,0.0,0.0,0.0,NO MATCHING INVOICE,0.0,0.0,NO MATCHING INVOICE,0.0,Log_2_PDF,600.0,provincial_log_nearby,1,1280.0,600.0,0.9523809523809523,0.46875,0.0,630.0,0.0,0.0,1.0,0.0,0.0,0.0,1.0,0.0,1.0,0.0,0.0,0.0,0.0,0.0,0.0,0.0,0.0,0.0,741.6666666666666,545.4166666666666,810.0,517.8055555555555,0.849438202247191,1.1000763941940412,0.7777777777777778,1.1587361193069041
2022-06-30,"Valemount, BC ","Nisku, AB ",802330.0,802980.0,650.0,550.0,100.0,0.0,0.0,0.0,700.0,0.0,0.0,0.0,0.0,NO MATCHING INVOICE,0.0,0.0,NO MATCHING INVOICE,0.0,Log_2_PDF,700.0,provincial_log,2,1050.0,863.5,1.0769230769230769,0.8223809523809524,0.0,650.0,0.0,0.0,1.0,0.8461538461538461,1.0,-0.15384615384615385,0.15384615384615385,0.0,0.15384615384615385,0.0,0.0,0.0,0.0,0.0,0.0,0.0,0.0,0.0,746.6666666666666,552.0833333333334,786.6666666666666,533.9166666666666,0.8705357142857143,1.2679245283018867,0.826271186440678,1.3110660215389418
2022-07-02,"Kelowna, BC ","Grande Prairie, AB ",717150.0,718200.0,1050.0,550.0,500.0,0.0,0.0,0.0,550.0,477.0,0.0,0.0,0.0,NO MATCHING INVOICE,0.0,0.0,NO MATCHING INVOICE,0.0,Log_2_PDF,1027.0,provincial_log,2,1050.0,938.5,0.9780952380952381,0.8938095238095238,0.0,1050.0,0.0,0.0,1.0,0.5238095238095238,0.5355404089581305,-0.011730885148606651,0.47619047619047616,0.4644595910418695,0.011730885148606651,0.0,0.0,0.0,0.0,0.0,0.0,0.0,0.0,0.0,696.0,559.5,776.1111111111111,539.4722222222222,1.5086206896551724,1.8355674709562109,1.3528990694345024,1.9037124761855726
2022-07-03,Nisku to Chetwynd ,"Prince George, BC ",735650.0,736700.0,1050.0,650.0,400.0,0.0,0.0,0.0,850.0,0.0,0.0,0.0,0.0,NO MATCHING INVOICE,0.0,0.0,NO MATCHING INVOICE,0.0,Log_2_PDF,850.0,provincial_log,2,1100.0,770.0,0.8095238095238095,0.7,0.0,1050.0,0.0,1.0,1.0,0.6190476190476191,1.0,-0.38095238095238093,0.38095238095238093,0.0,0.38095238095238093,0.0,0.0,0.0,0.0,0.0,0.0,0.0,0.0,0.0,755.0,637.4166666666666,775.0,565.9722222222222,1.390728476821192,1.33350764805857,1.3548387096774193,1.5018404907975462
2022-07-04,nisku to grande prairie ,"Nisku, AB ",757700.0,758800.0,1100.0,1100.0,0.0,0.0,0.0,0.0,690.0,0.0,0.0,0.0,0.0,NO MATCHING INVOICE,0.0,0.0,NO MATCHING INVOICE,0.0,Log_2_PDF,690.0,provincial_log,2,2500.0,670.0,0.6272727272727273,0.268,0.0,1100.0,0.0,1.0,1.0,1.0,1.0,0.0,0.0,0.0,0.0,0.0,0.0,0.0,0.0,0.0,0.0,0.0,0.0,0.0,805.0,687.8333333333334,789.4736842105264,580.921052631579,1.3664596273291925,1.003149987884662,1.3933333333333333,1.1877689694224236
2022-07-06,"Nisku, AB ","Fort St. Jhon, BC ",788250.0,788950.0,700.0,580.0,120.0,0.0,0.0,0.0,0.0,0.0,0.0,0.0,0.0,NO MATCHING INVOICE,0.0,0.0,NO MATCHING INVOICE,0.0,Log_2_PDF,670.0,provincial_log_nearby,1,2500.0,670.0,0.9571428571428572,0.268,0.0,700.0,0.0,1.0,1.0,0.8285714285714286,0.0,0.8285714285714286,0.17142857142857143,0.0,0.17142857142857143,0.0,0.0,0.0,0.0,0.0,0.0,0.0,0.0,0.0,896.0,773.4,785.0,594.5833333333334,0.78125,0.8663046289113008,0.89171974522293,1.1268395234758233
2022-08-02,"Fort St. Jhon, BC ","Nisku, AB ",718200.0,719150.0,950.0,650.0,300.0,0.0,0.0,0.0,0.0,0.0,0.0,0.0,0.0,NO MATCHING INVOICE,0.0,0.0,NO MATCHING INVOICE,0.0,Log_2_PDF,670.0,provincial_log_nearby,1,2500.0,670.0,0.7052631578947368,0.268,0.0,950.0,0.0,0.0,1.0,0.6842105263157895,0.0,0.6842105263157895,0.3157894736842105,0.0,0.3157894736842105,0.0,0.0,0.0,0.0,0.0,0.0,0.0,0.0,0.0,0.0,0.0,950.0,736.6666666666666,1.0,1.0,1.0,0.909502262443439
2022-08-03,"Prince George, BC ","Nisku, AB ",736700.0,737550.0,850.0,500.0,350.0,0.0,0.0,0.0,650.0,0.0,0.0,0.0,0.0,NO MATCHING INVOICE,0.0,0.0,NO MATCHING INVOICE,0.0,Log_2_PDF,650.0,provincial_log,2,950.0,650.0,0.7647058823529411,0.6842105263157895,0.0,850.0,0.0,1.0,1.0,0.5882352941176471,1.0,-0.4117647058823529,0.4117647058823529,0.0,0.4117647058823529,0.0,0.0,0.0,0.0,0.0,0.0,0.0,0.0,0.0,950.0,670.0,916.6666666666666,676.6666666666666,0.8947368421052632,0.9701492537313433,0.9272727272727274,0.9605911330049262
2022-08-06,Fort st jhon to Nisku ,"whitecourt, AB ",788950.0,789900.0,950.0,800.0,150.0,0.0,0.0,0.0,650.0,0.0,0.0,0.0,0.0,NO MATCHING INVOICE,0.0,0.0,NO MATCHING INVOICE,0.0,Log_2_PDF,650.0,provincial_log,2,990.0,531.64,0.6842105263157895,0.537010101010101,0.0,950.0,0.0,1.0,1.0,0.8421052631578947,1.0,-0.1578947368421053,0.15789473684210525,0.0,0.15789473684210525,0.0,0.0,0.0,0.0,0.0,0.0,0.0,0.0,0.0,900.0,660.0,900.0,660.0,1.0555555555555556,0.9848484848484849,1.0555555555555556,0.9848484848484849
2022-08-15,"Consart, AB","Kamloops, BC",285000.0,285990.0,990.0,990.0,0.0,0.0,0.0,0.0,413.28,0.0,0.0,0.0,0.0,12537418WXSX,2022-08-15 00:00:00,15:17:58,"CONSORT,, AB",0.0,Log_1_Excel,413.28,invoice,3,900.0,529.14,0.4174545454545454,0.5879333333333333,0.0,990.0,0.0,1.0,1.0,1.0,1.0,0.0,0.0,0.0,0.0,0.0,0.0,0.0,0.0,0.0,0.0,0.0,0.0,0.0,0.0,0.0,916.6666666666666,656.6666666666666,1.0,1.0,1.08,0.6293604060913706
2022-09-02,"Nisku, AB ","Fort St. Jhon, BC ",719150.0,720050.0,900.0,750.0,150.0,0.0,0.0,0.0,645.0,0.0,0.0,0.0,0.0,NO MATCHING INVOICE,0.0,0.0,NO MATCHING INVOICE,0.0,Log_2_PDF,645.0,provincial_log,2,1000.0,633.0,0.7166666666666667,0.633,0.0,900.0,0.0,0.0,1.0,0.8333333333333334,1.0,-0.16666666666666663,0.16666666666666666,0.0,0.16666666666666666,0.0,0.0,0.0,0.0,0.0,0.0,0.0,0.0,0.0,0.0,0.0,930.0,571.0933333333334,1.0,1.0,0.967741935483871,1.129412588718715
2022-09-03,nisku to grande prairie ,"Nisku, AB ",737550.0,738550.0,1000.0,1000.0,0.0,0.0,0.0,0.0,621.0,0.0,0.0,0.0,0.0,NO MATCHING INVOICE,0.0,0.0,NO MATCHING INVOICE,0.0,Log_2_PDF,621.0,provincial_log,2,1030.0,560.5,0.621,0.5441747572815534,0.0,1000.0,0.0,1.0,1.0,1.0,1.0,0.0,0.0,0.0,0.0,0.0,0.0,0.0,0.0,0.0,0.0,0.0,0.0,0.0,900.0,645.0,946.6666666666666,569.4266666666666,1.1111111111111112,0.9627906976744186,1.0563380281690142,1.0905706324490132
2022-09-05,nisku to grande prairie ,"Nisku, AB ",775250.0,776280.0,1030.0,1030.0,0.0,0.0,0.0,0.0,500.0,0.0,0.0,0.0,0.0,NO MATCHING INVOICE,0.0,0.0,NO MATCHING INVOICE,0.0,Log_2_PDF,500.0,provincial_log,2,1150.0,542.5,0.4854368932038835,0.4717391304347826,0.0,1030.0,0.0,1.0,1.0,1.0,1.0,0.0,0.0,0.0,0.0,0.0,0.0,0.0,0.0,0.0,0.0,0.0,0.0,0.0,950.0,633.0,960.0,582.3199999999999,1.0842105263157895,0.7898894154818326,1.0729166666666667,0.8586344278060174
2022-09-06,"Whitecourt to GP, AB ",Nisku to Valleyview ,789900.0,791050.0,1150.0,1150.0,0.0,0.0,0.0,0.0,585.0,0.0,0.0,0.0,0.0,NO MATCHING INVOICE,0.0,0.0,NO MATCHING INVOICE,0.0,Log_2_PDF,585.0,provincial_log,2,950.0,642.5,0.508695652173913,0.6763157894736842,0.0,1150.0,0.0,1.0,1.0,1.0,1.0,0.0,0.0,0.0,0.0,0.0,0.0,0.0,0.0,0.0,0.0,0.0,0.0,0.0,976.6666666666666,588.6666666666666,980.0,544.8199999999999,1.1774744027303754,0.9937712344280861,1.1734693877551021,1.0737491281524174
2022-10-01,Nisku to Grande prairie ,"Nisku, AB ",704000.0,704950.0,950.0,950.0,0.0,0.0,0.0,0.0,700.0,0.0,0.0,0.0,0.0,NO MATCHING INVOICE,0.0,0.0,NO MATCHING INVOICE,0.0,Log_2_PDF,700.0,provincial_log,2,530.0,670.0,0.7368421052631579,1.2641509433962264,0.0,950.0,0.0,0.0,1.0,1.0,1.0,0.0,0.0,0.0,0.0,0.0,0.0,0.0,0.0,0.0,0.0,0.0,0.0,0.0,0.0,0.0,1020.0,587.75,1.0,1.0,0.9313725490196079,1.1909825606125053
2022-10-02,"Grande Prairie, AB ","Nisku, AB ",720050.0,720580.0,530.0,400.0,130.0,0.0,0.0,0.0,640.0,0.0,0.0,0.0,0.0,NO MATCHING INVOICE,0.0,0.0,NO MATCHING INVOICE,0.0,Log_2_PDF,640.0,provincial_log,2,1050.0,645.0,1.2075471698113207,0.6142857142857143,0.0,530.0,0.0,1.0,0.0,0.7547169811320755,1.0,-0.24528301886792447,0.24528301886792453,0.0,0.24528301886792453,0.0,0.0,0.0,0.0,0.0,0.0,0.0,0.0,0.0,950.0,700.0,1006.0,610.2,0.5578947368421052,0.9142857142857143,0.5268389662027833,1.0488364470665354
2022-10-03,Nisku to Chetwynd ,"Prince George, BC ",738550.0,739600.0,1050.0,650.0,400.0,0.0,0.0,0.0,0.0,650.0,0.0,0.0,0.0,NO MATCHING INVOICE,0.0,0.0,NO MATCHING INVOICE,0.0,Log_2_PDF,650.0,provincial_log,2,500.0,640.0,0.6190476190476191,1.28,0.0,1050.0,0.0,1.0,1.0,0.6190476190476191,0.0,0.6190476190476191,0.38095238095238093,1.0,-0.6190476190476191,0.0,0.0,0.0,0.0,0.0,0.0,0.0,0.0,0.0,740.0,670.0,932.0,609.2,1.4189189189189189,0.9701492537313433,1.1266094420600858,1.0669730794484569
2022-10-04,"Nisku, AB ","Grande Prairie, AB ",758800.0,759300.0,500.0,500.0,0.0,0.0,0.0,0.0,630.0,0.0,0.0,0.0,0.0,NO MATCHING INVOICE,0.0,0.0,NO MATCHING INVOICE,0.0,Log_2_PDF,630.0,provincial_log,2,1020.0,565.0,1.26,0.553921568627451,0.0,500.0,0.0,1.0,0.0,1.0,1.0,0.0,0.0,0.0,0.0,0.0,0.0,0.0,0.0,0.0,0.0,0.0,0.0,0.0,843.3333333333334,663.3333333333334,942.0,615.0,0.5928853754940712,0.9497487437185929,0.5307855626326964,1.024390243902439
2022-10-05,nisku to grande prairie ,"Nisku, AB ",776280.0,777300.0,1020.0,1020.0,0.0,0.0,0.0,0.0,500.0,0.0,0.0,0.0,0.0,NO MATCHING INVOICE,0.0,0.0,NO MATCHING INVOICE,0.0,Log_2_PDF,500.0,provincial_log,2,1150.0,565.0,0.49019607843137253,0.49130434782608695,0.0,1020.0,0.0,1.0,1.0,1.0,1.0,0.0,0.0,0.0,0.0,0.0,0.0,0.0,0.0,0.0,0.0,0.0,0.0,0.0,757.5,655.0,868.3333333333334,617.5,1.3465346534653466,0.7633587786259542,1.1746641074856046,0.8097165991902834
2022-10-06,"Chetwynd, BC ","Nisku, AB ",791050.0,792200.0,1150.0,850.0,300.0,0.0,0.0,0.0,630.0,0.0,0.0,0.0,0.0,NO MATCHING INVOICE,0.0,0.0,NO MATCHING INVOICE,0.0,Log_2_PDF,630.0,provincial_log,2,1300.0,590.0,0.5478260869565217,0.45384615384615384,0.0,1150.0,0.0,1.0,1.0,0.7391304347826086,1.0,-0.26086956521739135,0.2608695652173913,0.0,0.2608695652173913,0.0,0.0,0.0,0.0,0.0,0.0,0.0,0.0,0.0,810.0,624.0,866.6666666666666,617.5,1.4197530864197532,1.0096153846153846,1.3269230769230769,1.0202429149797572
2022-10-08,Brooks,"Edmanton, AB",125420.0,125918.0,450.0,0.0,0.0,0.0,0.0,0.0,0.0,0.0,0.0,0.0,0.0,NO MATCHING INVOICE,0.0,0.0,NO MATCHING INVOICE,0.0,Log_1_Excel,590.0,provincial_log_nearby,1,1300.0,590.0,1.3111111111111111,0.45384615384615384,0.0,0.0,450.0,0.0,0.0,0.0,0.0,0.0,0.0,0.0,0.0,0.0,0.0,0.0,0.0,0.0,0.0,0.0,0.0,0.0,866.6666666666666,625.0,866.6666666666666,625.0,0.5192307692307693,0.944,0.5192307692307693,0.944
2022-11-01,"Nisku, AB ","Kamloops, BC ",704950.0,705800.0,850.0,400.0,450.0,0.0,0.0,0.0,550.0,0.0,0.0,0.0,0.0,NO MATCHING INVOICE,0.0,0.0,NO MATCHING INVOICE,0.0,Log_2_PDF,550.0,provincial_log,2,1550.0,450.0,0.6470588235294118,0.2903225806451613,0.0,850.0,0.0,0.0,1.0,0.47058823529411764,1.0,-0.5294117647058824,0.5294117647058824,0.0,0.5294117647058824,0.0,0.0,0.0,0.0,0.0,0.0,0.0,0.0,0.0,0.0,0.0,783.3333333333334,606.6666666666666,1.0,1.0,1.0851063829787233,0.9065934065934067
2022-11-03,"Prince George, BC ","Nisku, AB ",739600.0,740600.0,1000.0,650.0,350.0,0.0,0.0,0.0,0.0,0.0,0.0,0.0,0.0,NO MATCHING INVOICE,0.0,0.0,NO MATCHING INVOICE,0.0,Log_2_PDF,450.0,provincial_log_nearby,1,1550.0,450.0,0.45,0.2903225806451613,0.0,1000.0,0.0,1.0,1.0,0.65,0.0,0.65,0.35,0.0,0.35,0.0,0.0,0.0,0.0,0.0,0.0,0.0,0.0,0.0,850.0,550.0,794.0,580.0,1.1764705882352942,0.8181818181818182,1.2594458438287153,0.7758620689655172
2022-11-04,"Grande Prairie, AB ","Nisku, AB ",759300.0,759850.0,550.0,550.0,0.0,0.0,0.0,0.0,350.0,0.0,0.0,0.0,0.0,NO MATCHING INVOICE,0.0,0.0,NO MATCHING INVOICE,0.0,Log_2_PDF,350.0,provincial_log,2,1550.0,475.0,0.6363636363636364,0.3064516129032258,0.0,550.0,0.0,1.0,0.0,1.0,1.0,0.0,0.0,0.0,0.0,0.0,0.0,0.0,0.0,0.0,0.0,0.0,0.0,0.0,925.0,500.0,894.0,544.0,0.5945945945945946,0.7,0.6152125279642058,0.6433823529411765
2022-11-05,"Nisku, AB ","Chetwynd, BC ",777300.0,778050.0,750.0,600.0,150.0,0.0,0.0,0.0,0.0,0.0,0.0,0.0,0.0,NO MATCHING INVOICE,0.0,0.0,NO MATCHING INVOICE,0.0,Log_2_PDF,475.0,provincial_log_nearby,1,1550.0,475.0,0.6333333333333333,0.3064516129032258,0.0,750.0,0.0,1.0,1.0,0.8,0.0,0.8,0.2,0.0,0.2,0.0,0.0,0.0,0.0,0.0,0.0,0.0,0.0,0.0,800.0,450.0,800.0,514.0,0.9375,1.0555555555555556,0.9375,0.9241245136186771
2022-12-01,"Kamloops, BC ","Nisku, AB ",705800.0,706600.0,800.0,350.0,450.0,0.0,0.0,0.0,0.0,600.0,0.0,0.0,0.0,NO MATCHING INVOICE,0.0,0.0,NO MATCHING INVOICE,0.0,Log_2_PDF,600.0,provincial_log,2,1000.0,550.0,0.75,0.55,0.0,800.0,0.0,0.0,1.0,0.4375,0.0,0.4375,0.5625,1.0,-0.4375,0.0,0.0,0.0,0.0,0.0,0.0,0.0,0.0,0.0,0.0,0.0,787.5,456.25,1.0,1.0,1.0158730158730158,1.3150684931506849
2022-12-04,"Nisku, AB ","Kelowna, BC ",759850.0,760850.0,1000.0,500.0,500.0,0.0,0.0,0.0,0.0,500.0,0.0,0.0,0.0,NO MATCHING INVOICE,0.0,0.0,NO MATCHING INVOICE,0.0,Log_2_PDF,500.0,provincial_log,2,900.0,550.0,0.5,0.6111111111111112,0.0,1000.0,0.0,1.0,1.0,0.5,0.0,0.5,0.5,1.0,-0.5,0.0,0.0,0.0,0.0,0.0,0.0,0.0,0.0,0.0,800.0,600.0,700.0,475.0,1.25,0.8333333333333334,1.4285714285714286,1.0526315789473684
2022-12-05,"Chetwynd, BC ","Nisku, AB ",778050.0,778950.0,900.0,700.0,200.0,0.0,0.0,0.0,600.0,0.0,0.0,0.0,0.0,NO MATCHING INVOICE,0.0,0.0,NO MATCHING INVOICE,0.0,Log_2_PDF,600.0,provincial_log,2,390.0,314.3815,0.6666666666666666,0.8061064102564103,0.0,900.0,0.0,1.0,1.0,0.7777777777777778,1.0,-0.2222222222222222,0.2222222222222222,0.0,0.2222222222222222,0.0,0.0,0.0,0.0,0.0,0.0,0.0,0.0,0.0,900.0,550.0,850.0,525.0,1.0,1.0909090909090908,1.0588235294117647,1.1428571428571428
2023-01-07,Kelowna,Langley,247330.0,247720.0,390.0,0.0,390.0,0.0,0.0,0.0,0.0,28.763,0.0,0.0,0.0,000416,2023-01-07 00:00:00,10:22:35,"KELOUNA,, BC",45.42,Log_1_Excel,28.763,invoice,3,80.0,23.5895,0.07375128205128205,0.29486875,0.11646153846153846,390.0,0.0,1.0,0.0,0.0,0.0,0.0,1.0,1.0,0.0,0.0,0.0,0.0,0.0,0.0,0.0,0.0,0.0,0.0,0.0,0.0,0.0,0.0,1.0,1.0,1.0,1.0
2023-06-21,Willowdale,Caledon,78955.0,79035.0,80.0,0.0,0.0,0.0,80.0,0.0,0.0,0.0,0.0,18.416,0.0,075795,2023-06-21 00:00:00,13:13:37,"WILLOWDALE, ON",30.0,Log_1_Excel,18.416,invoice,3,145.0,56.4075,0.23020000000000002,0.3890172413793103,0.375,80.0,0.0,0.0,0.0,0.0,0.0,0.0,0.0,0.0,0.0,0.0,0.0,0.0,1.0,1.0,0.0,0.0,0.0,0.0,0.0,0.0,0.0,0.0,1.0,1.0,1.0,1.0
2024-04-11,"Red Deer, AB","Edmonton, AB",156742.0,156887.0,145.0,145.0,0.0,0.0,0.0,0.0,94.399,0.0,0.0,0.0,0.0,115414,2024-04-11 00:00:00,13:24:03,"RED DEER, AB",150.0,Log_1_Excel,94.399,invoice,3,215.0,64.856,0.6510275862068966,0.30165581395348834,1.0344827586206897,145.0,0.0,1.0,0.0,1.0,1.0,0.0,0.0,0.0,0.0,0.0,0.0,0.0,0.0,0.0,0.0,0.0,0.0,0.0,0.0,0.0,0.0,0.0,1.0,1.0,1.0,1.0
2025-11-30,Winnipeg,Brandon,62845.0,63060.0,215.0,0.0,0.0,215.0,0.0,0.0,0.0,0.0,35.313,0.0,0.0,0010019100,2025-11-30 00:00:00,18:51:41,"WINNIPEG, MB",41.03,Log_1_Excel,35.313,invoice,3,0.0,35.313,0.164246511627907,0.0,0.1908372093023256,215.0,0.0,0.0,0.0,0.0,0.0,0.0,0.0,0.0,0.0,1.0,1.0,0.0,0.0,0.0,0.0,0.0,0.0,0.0,0.0,0.0,0.0,0.0,1.0,1.0,1.0,1.0
